;;;;;;;;;;;;;;;;;;;;;;;;;;;Código: F-147-LIME;;;;;;;;;;;;;;;;;;;;;;
;Equipos dados de baja;;;;;;;;;;;;;;;;;;;;;;;;;;;;;;;;;;;;;;;;;;;;;;;;
;;;;;;;;;;;;;;;;;;;;;;;;;;;Versión: 04;;;;;;;;;;;;;;;;;;;;;;
;;;;;;;;;;;;;;;;;;;;;;;;;;;;;;;;;;;;;;;;;;;;;;;;;
;;;;;;;;;;;;;;;INVENTARIO EQUIPOS BIOMÉDICOS, INDUSTRIALES Y GASES;;;;;;;;;;;;;;;;;;;;;;;;;;;;;;;;;;
;;;;;;;;;;;;;;;;;;;;;;;;;;;;;;;;;;;;;;;;;;;;;;;;;
INFORMACIÓN GENERAL EQUIPOS;;;;;;;;;;;;;;;REGISTRO HISTÓRICO;;;;;;;;;;;INVENTARIO DE DOCUMENTOS;;;;;;;;INFORMACIÓN METROLÓGICA ADMINISTRATIVA;;;;INFORMACIÓN METROLÓGICA TÉCNICA;;;;;CONDICIONES DE FUNCIONAMIENTO;;;;;;
;;;;;;;;;;;;;;;;;;;;;;;;;;;;;;;;;;;;;;;;;;;;;;;;;
Proceso;Nombre del equipo;Código de inventario interno del laboratorio y/o asignado por UdeA;Código IPS;Código ECRI;Responsable del proceso en el que interviene el equipo o inventario UdeA;Ubicación física;Marca;Modelo;Serie;Clasificación según eje misional (Docencia y/o Investigación y/o Extensión);Clasificación IPS (IND-BIO-Gases);Clasificación por riesgo;Registro Invima/Permiso comercialización/No Requiere;Tiempo de vida útil;Antigüedad del eq. (F. adquisición);Propietario del equipo;Fecha de fabricación;NIT;Proveedor equipo;Está en garantía (Si/No);Fecha finalización garantía;Forma de adquisición;Tipo de documento;Número de documento;Valor de compra;Hoja de vida;Registro de importación;Manual operación (Esp);Manual servicio mto (Esp);Guía Rápida de uso;Instructivo de manejo rápido de equipos;Protocolo Mto Prev.;Frecuencia metrológica fabricante;Mantenimiento Si/No;Frecuencia anual mantenimiento;Calibración Si/No;Frecuencia anual calibración;Magnitud;Rango del equipo;Resolución;Rango de trabajo;Error máximo permitido;Voltaje;Corriente;Humedad relativa;Temperatura;Dimensiones;Peso;Otros
LIME;Congelador;135306;Pendiente;15 - 583;Gloria Zapata / Gloria Zapata;Procesamiento Seccion C;Challenger;CV430;9053127;;IND;N/A;N/A;;10/12/2009;UdeA;NI;890.934.939-8;Almacén Navarro Ospina S.A.;No;N/A;Compra;Factura;47736;;SI;;SI;;;;;;Si;1;Si;1 (Calificación);Temperatura;T -18;NI;0 a - 33 ° C;NI;115 VAC;NI;NI;Max 38°C;53,5 x 53 x 142 cm;55,5 kg;NI
LIME - Hematología;Agregometro;119325;BIO-12183;NI;Gloria Zapata / Gloria Zapata;Procesamiento Seccion A;Helena Laboratories;AGGRAM;630604801;Extensión;BIO;Clase IIa;INVIMA 2019DM-0019614;10 años;30/3/2006;UdeA;NI;830.064.712-1;Helena Laboratories INC. (exportador)                  Labtronics S.A.S    ;No;N/A;Compra;Factura;96442;$ 35.215.642;SI;SI;SI (ing);Carta de proveedor de no entrega de manual;SI;SI;NO;Anual;Si;1;No;N/A;Absorbancia;0 - 2 DE ;NI;0 - 2 DE ;NI;110 VAC;NI;NI;15 - 30 °C;15,24 cm x 25,40 cm x 43,18 cm (alto x ancho x profundidad);6,75 Kg;Frecuencia 50/60 Hz
LIME - Hematología;Centrífuga refrigerada;130937;BIO-12186;10 - 780;Gloria Zapata / Gloria Zapata;Área centrífugas;BOECO - HETTICH;U-320R;0000189;Extensión;BIO;Clase IIa;INVIMA 2014DM-0011507;10 años;2/12/2008;UdeA;2008;811.033.098-5;Importecnical Ltda.;No;N/A;Compra;Factura;006093;$ 22.620.000;SI;NO;NO;NO;SI;SI;SI;Semestral;Si;2;Si;2;"Velocidad
Temperatura";Max. 15000 rpm (según folleto)               Max. 5000 rpm (evidencia)                             T -20 a 40°C;10 rpm                    1°C                                                                                                                 ;1000 - 4500 rpm;NI;200 - 240 V;4 A;NI;NI;346 x 401 x 695 mm;53 kg;NI
LIME - Hematología;Analizador de coagulación automatizado - Equipo de Hemostasia;LIME 378;BIO-16281;15 - 098;Gloria Zapata / Andres Zuluaga;Procesamiento Seccion A;SYSMEX;CS2500;25407;Extensión;BIO;Clase IIa;INVIMA 2016DM-0015107;5 años;28/06/2021 (Facturado) 16/07/2021 (Instalado);UT LIME;NI;900.931.305-0;SIEMENS;No;15/7/2022;Compra;Factura;TE57569;$ 162.725.992;SI;SI;SI;SI (CAP);SI;SI;SI;Semestral;Si;2;No;N/A;N/A;N/A;N/A;N/A;N/A;100 - 240 VAC;NI;30 - 85 %HR;15 - 30 °C;Unidad principal                           775 x 895 x 685 mm                        Unidad neumática                             280 x 355 x 400 mm;Unidad principal                           110 kg                                                    Unidad neumática                             17 kg;NI
LIME - Hematología;Micropipeta ;160517;BIO-12193;15 - 166;Gloria Zapata / Gloria Zapata;Procesamiento Seccion A;Thermo Scientific;Finnpipette F1;MH12168;Extensión;BIO;Clase I;ACTA No. 09 Septiembre 17 de 2014;5 años;19/1/2016;UdeA;NI;900.355.024-5;Equipos y Laboratorio;No;N/A;Compra;Factura;C7206;$ 650.760;SI;NO;SI;SI (CAP);SI;N/A;SI;Trimestral;Si;1;Si;1;Volumen;100 - 1000 uL;1 uL;100 - 1000 ul;NI;N/A;N/A;N/A;N/A;N/A;N/A;N/A
LIME - Hematología;Micropipeta ;160516;BIO-12194;15 - 166;Gloria Zapata / Gloria Zapata;Procesamiento Seccion A;Thermo Scientific;Finnpipette F1;MH12173;Extensión;BIO;Clase I;ACTA No. 09 Septiembre 17 de 2014;5 años;19/1/2016;UdeA;NI;900.355.024-5;Equipos y Laboratorio;No;N/A;Compra;Factura;C7206;$ 650.760;SI;NO;SI;SI (CAP);SI;N/A;SI;Trimestral;Si;1;Si;1;Volumen;100 - 1000 uL;1 uL;100 - 1000 ul;NI;N/A;N/A;N/A;N/A;N/A;N/A;N/A
LIME - Hematología;Micropipeta ;160515;BIO-12198;15 - 166;Gloria Zapata / Gloria Zapata;Procesamiento Seccion A;Thermo Scientific;Finnpipette F1;MH12148;Extensión;BIO;Clase I;ACTA No. 09 Septiembre 17 de 2014;5 años;19/1/2016;UdeA;NI;900.355.024-5;Equipos y Laboratorio;No;N/A;Compra;Factura;C7206;$ 650.760;SI;NO;SI;SI (CAP);SI;N/A;SI;Trimestral;Si;1;Si;1;Volumen;20 - 200 uL;0,2 uL;20 - 200 ul;NI;N/A;N/A;N/A;N/A;N/A;N/A;N/A
LIME - Hematología;Micropipeta ;160512;BIO-12199;15 - 166;Gloria Zapata / Gloria Zapata;Procesamiento Seccion A;Thermo Scientific;Finnpipette F1;MH12153;Extensión;BIO;Clase I;ACTA No. 09 Septiembre 17 de 2014;5 años;19/1/2016;UdeA;NI;900.355.024-5;Equipos y Laboratorio;No;N/A;Compra;Factura;C7206;$ 650.760;SI;NO;SI;SI (CAP);SI;N/A;SI;Trimestral;Si;1;Si;1;Volumen;20 - 200 uL;0,2 uL;20 - 200 ul;NI;N/A;N/A;N/A;N/A;N/A;N/A;N/A
LIME - Hematología;Micropipeta;160514;BIO-12195;15 - 166;Gloria Zapata / Gloria Zapata;Procesamiento Seccion A;Thermo Scientific;Finnpipette F1;MH12133;Extensión;BIO;Clase I;ACTA No. 09 Septiembre 17 de 2014;5 años;19/1/2016;UdeA;NI;900.355.024-5;Equipos y Laboratorio;No;N/A;Compra;Factura;C7206;$ 650.760;SI;NO;SI;SI (CAP);SI;N/A;SI;Trimestral;Si;1;Si;1;Volumen;2 -20 uL;0,02 uL;2 - 20 ul;NI;N/A;N/A;N/A;N/A;N/A;N/A;N/A
LIME - Hematología;Micropipeta;160513;BIO-12196;15 - 166;Gloria Zapata / Gloria Zapata;Procesamiento Seccion A;Thermo Scientific;Finnpipette F1;MH12128;Extensión;BIO;Clase I;ACTA No. 09 Septiembre 17 de 2014;5 años;19/1/2016;UdeA;NI;900.355.024-5;Equipos y Laboratorio;No;N/A;Compra;Factura;C7206;$ 650.760;SI;NO;SI;SI (CAP);SI;N/A;SI;Trimestral;Si;1;Si;1;Volumen;2 - 20 uL;0,02 uL;2 - 20 ul;NI;N/A;N/A;N/A;N/A;N/A;N/A;N/A
LIME - Hematología;Microscopio;162120;BIO-12200;12 - 536;Gloria Zapata / Gloria Zapata;Procesamiento Seccion A;Motic;BA210;1110007986;Extensión;BIO;Clase I;INVIMA 2014DM-0012286;10 años;19/1/2016;UdeA;NI;900.355.024-5;Equipos y Laboratorio;No;N/A;Compra;Factura;C7205;$ 4.080.510;SI;NO;SI;SI (CAP);SI;SI;SI;Semestral;Si;2;No;N/A;N/A;N/A;N/A;N/A;N/A;110 VAC;2,5 A;Max. 75% hasta 31°C, 50% a 40°C;15 - 35 °C;NI;NI;NI
LIME - Hematología;Refractometro;15896;BIO-12201;15 - 169;Gloria Zapata;Citometría de flujo;ATC ZHIFONG;FG-312;5012752;Extensión;BIO;Clase I;Antes de 2009 ;NI;28/8/2008;UdeA;NI;811.026.956-0;MR Y CIA S.A.S;No;N/A;Compra;Factura;12492;$ 475.600;SI;NO;SI (ING);NO;NO;N/A;NO;Semestral;Si;2;No;N/A;N/A;"0 - 12 g/dl
1,000 - 1,050 sg
1,3330 - 1,3600RI";"0,2 g/dl
0,002 sg
0,0005RI";0 a 12 g/dl;NI;N/A;N/A;N/A;N/A;29 x 160 mm;175 g;N/A
LIME - Hematología;Contador hematologico;Arriendo MyM 1;Pendiente;NI;Gloria Zapata / MyM Diagnostics;Procesamiento Seccion A;sysmex;xs-1000i;74729;;BIO;Clase IIa;INVIMA 2019DM-0019332;;9/6/2020;Comodato MyM;10/2015;900.228.842-1;MyMDiagnostics;No;N/A;Arriendo;Informe de instalación;12472 (Reporte instalación);;SI;;SI;SI (CAP);SI;SI;SI;Semestral;No;N/A;No;N/A;N/A;N/A;N/A;N/A;N/A;110 - 220 VAC;NI;45% - 85% HR;15 - 30 °C;305 x 385 x 400 mm (ancho, alto, profundo);25 kg;NI
LIME - Hematología;UPS;Arriendo MyM 1-3;Pendiente;;Gloria Zapata / MyM Diagnostics;Procesamiento Seccion A;POWER SUN;PWSC-1KVA;140426-1380969;;IND;;;;9/6/2020;Comodato MyM;;;;;;;;;;;;;;;;;;No;N/A;No;N/A;;;;;;;;;;;;
LIME - Hematología;Timer 3 canales;LIME 047;BIO-16695;14 - 053;Gloria Zapata;Procesamiento Seccion A;Kexgermany;PS-370;2021-04;;BIO;N/A;ACTA No. 03 Abril 10 de 2013;;17/09/2021;UT LIME;NI;811.045.767-6;LABORATORIOS OSSALUD S.A.S;No;N/A;Compra;Factura;OSS7649;$ 65.450;;;;;;;;;No;N/A;Si;1;Tiempo;;;;;N/A;N/A;N/A;N/A;N/A;N/A;N/A
LIME - Citometría de flujo;Agitador Vórtex;150955;BIO-12129;15 - 651;Gloria Zapata / Vanessa Santiago (Patologa);Procesamiento Seccion A;Boeco;Vortex V1 Plus;1020313061616;;BIO;N/A;ACTA No. 07 Junio 10 de 2009 indica que no requiere registro sanitario, y se rectifica en ACTA No. 03 Abril 10 de 2013 ;;3/2/2014;UdeA;NI;890.912.308-6;Laboratorios Ltda.;No;N/A;Compra;Factura;CR 00080017;;SI;;SI;;SI;SI;;;Si;1;No;N/A;Velocidad;750 - 3000 rpm;Perilla sin indicación;750 - 3000 rpm;N/A;100 - 240 VAC;NI;80% max. con T hasta 31°C     50% con T hasta 40°C ;4 - 40 °C;90 x 150 x 80 mm;0,8 kg;NI
LIME - Citometría de flujo;Baño María;150712;BIO-12130;16 - 861;Gloria Zapata / Vanessa Santiago (Patologa);Procesamiento Seccion B;Indulab;09-A;13834;;BIO;Clase I;ACTA No. 07 Junio 10 de 2009 indica que no requiere registro sanitario, y se rectifica en ACTA No. 03 Abril 10 de 2013 ;;24/1/2014;UdeA;NI;811.013.926-3;Indulab S.A.;No;N/A;Compra;Factura;6142;;SI;SI (Registro de nacionalización);SI;SI;SI;SI;Semestral;;Si;2;Si;2;Temperatura;37 - 90°C;0,1 °C;37 - 90 °C;Rango error +/- 1°C;110 VAC;NI;NI;NI;NI;NI;NI
LIME - Citometría de flujo;Centrífuga;151362;BIO-12131;10 - 778;Gloria Zapata / Vanessa Santiago (Patologa);Área centrífugas;Hettich;Rotofix 32A;006965-04;;BIO;Clase I;INVIMA 2013DM-0010231;;18/3/2014;UdeA;NI;890.912.308-6;Laboratorios Ltda.;No;N/A;Compra;Factura;CR 00081028;;SI;SI;SI;;SI;SI;;;Si;1;Si;1;Velocidad;"500rpm - maximo hasta 6000 rpm (depende del rotor)
1 - 99 minutos";"100 rpm
1 min";NI;NI;100 - 127 V;3 A;80% max. con T hasta 31°C     50% con T hasta 40°C ;2 - 40 °C;366 x 430 x 257 mm;23 kg;NI
LIME - Microbiología;Nevera;159378;Pendiente;13 - 315;Enith Knuth / Vanessa Santiago (Patologa);Microbiología 1 ;Haceb;N219L CE IP;9000094;;IND;N/A;N/A;;13/11/2015;UdeA;NI;890.934.939-8;Almacén Navarro Ospina S.A.;No;N/A;Compra;Factura;F57-1280;;SI;;SI;;;;;;Si;1;Si;1 (Calificación);Temperatura;"0 A 8 °C 
-6 A -12°C";;;;;;;;;;
LIME - Citometría de flujo;Citómetro Facscanto II;C000436;BIO-12132;16 - 867;Gloria Zapata / Carlos Alberto Palacio Acosta;Citometría de flujo;Becton Dickinson;FacsCanto II;V96301015;;BIO;Clase IIa;INVIMA 2018DM-0018134;;21/10/2013;Comodato BD;NI;860.020.309-6;Becton Dickinson de Colombia Ltda.;N/A;N/A;Comodato;Acta de entrega;NT;;SI;SI;SI (ING);;SI (Proveedor);;Semestral;;No;N/A;No;N/A;N/A;N/A;N/A;N/A;N/A;100/115/230 VAC;"5A at 115 VAC
2.5A at 230 VAC";20 - 80 %;16 - 31 ° C;64 x 91 x 61 cm;Entre 146 y 168 kg;NI
LIME - Citometría de flujo;Micropipeta;32350;BIO-12133;15 - 166;Gloria Zapata / Vanessa Santiago (Patologa);Procesamiento Seccion A;Gilson;Pipetman P10N;HG32189;;BIO;Clase I;ACTA No. 09 Septiembre 17 de 2014;;13/11/2013;UdeA;NI;811.026.956-0;MR Y CIA S.A.S;No;N/A;Compra;Factura;10052;;SI;;SI (ING);;SI;SI;;;Si;1;Si;1;Volumen;1 - 10 uL;0,02 uL;1 ul a 10 ul;NI;N/A;N/A;N/A;N/A;N/A;N/A;N/A
LIME - Citometría de flujo;Micropipeta;32348;BIO-12134;15 - 166;Gloria Zapata / Vanessa Santiago (Patologa);Procesamiento Seccion A;Gilson;Pipetman P100N;HC29250;;BIO;Clase I;ACTA No. 09 Septiembre 17 de 2014;;13/11/2013;UdeA;NI;811.026.956-0;MR Y CIA S.A.S;No;N/A;Compra;Factura;10052;;SI;;SI (ING);;SI;SI;;;Si;1;Si;1;Volumen;10 - 100 uL;0,2 uL;10 ul a 100 ul;NI;N/A;N/A;N/A;N/A;N/A;N/A;N/A
LIME - Citometría de flujo;Micropipeta;32349;BIO-12135;15 - 166;Gloria Zapata / Vanessa Santiago (Patologa);Procesamiento Seccion A;Gilson;Pipetman P1000;JG20370;;BIO;Clase I;ACTA No. 09 Septiembre 17 de 2014;;13/11/2013;UdeA;NI;811.026.956-0;MR Y CIA S.A.S;No;N/A;Compra;Factura;10052;;SI;;SI (ING);;SI;SI;;;Si;1;Si;1;Volumen;100 - 1000 uL;2 uL;100 ul a 1000 ul;NI;N/A;N/A;N/A;N/A;N/A;N/A;N/A
LIME - Citometría de flujo;Microscopio;128847;BIO-12136;12 - 536;Gloria Zapata / Vanessa Santiago (Patologa);Procesamiento Seccion A;Olympus;CX21FS1;7L10235;;BIO;Clase I;ACTA No. 07 Junio 10 de 2009, en esta acta el Invima indica que los microscopios no requieren registro sanitario, hasta el ACTA No. 09 Octubre 17 de 2012 donde indica que ya si lo requiere.;;18/8/2010;UdeA;NI;811.033.098-5;Importecnical Ltda.;No;N/A;Compra;Factura;08531;;SI;;SI (ING);SI (ING);SI;SI;Anual;;Si;2;No;N/A;N/A;N/A;N/A;N/A;N/A;;;;;;;
LIME - Citometría de flujo;Rotador de tubos;178564;BIO-12137;NI;Gloria Zapata / Vanessa Santiago (Patologa);Procesamiento Seccion A;Thermo Scientific;88881001;I5CT81001229;;BIO;N/A;No es considerado dispositivo médico;;14/1/2019;UdeA;NI;890.923.937-6;Analytica S.A.S.;No;N/A;Compra;Factura;219553;;SI;;SI (ING);;SI;SI;;;Si;2;Si;2;Velocidad - Tiempo;10 - 40 rpm;1 rpm;NI;NI;;;;;;;
LIME;Termohigrómetro;LIME 071; BIO-12138;NI;General;Almacen;Bio Temp;91000-027/B;N/I;;BIO;N/A;ACTA No. 03 Abril 10 de 2013 ;;20/11/2015;UdeA;NI;900.860.232-6;Ingeniería Especializada;No;N/A;Compra;Factura;0131;124120;SI;;SI;;;;;;No;N/A;Si;1;Temperatura - Humedad;T -50 - 70 °C/ 20 - 99%Hr;0,1 °C / 1% Hr;NI;NI;;N/A;N/A;N/A;N/A;N/A;N/A
LIME - Citometría de flujo;Timer sencillo;LIME 045;BIO-12139;14 - 053;Gloria Zapata;Citometría de flujo;N/I;N/I;N/I;;BIO;N/A;ACTA No. 07 Junio 10 de 2009 indica que no requiere registro sanitario, y se rectifica en ACTA No. 03 Abril 10 de 2013 ;;18/10/2013;UdeA;NI;811.026.956-0;MR Y CIA S.A.S;No;N/A;Compra;Factura;MR09872;55680;SI;;;;;SI;;;No;N/A;Si;1;Tiempo;"(59:59,99) min;s,00";1s;Variable;NI;;N/A;N/A;N/A;N/A;N/A;N/A
LIME - Citometría de flujo;Timer 3 canales;LIME 046;BIO-12140;14 - 053;Gloria Zapata;Citometría de flujo;Biosciences;N/I;2017-12;;BIO;N/A;ACTA No. 07 Junio 10 de 2009 indica que no requiere registro sanitario, y se rectifica en ACTA No. 03 Abril 10 de 2013 ;;NI;UdeA;NI;NI;NI;No;N/A;Compra;NI;NI;;SI;;;;;SI;;;No;N/A;Si;1;Tiempo;99 h: 59 min, 59 s;1 s;Variable;NI;;N/A;N/A;N/A;N/A;N/A;N/A
LIME - Citometría de flujo;Timer sencillo;LIME 131; BIO-12141;14 - 053;Gloria Zapata;Citometría de flujo;N/I;N/I;N/I;;BIO;N/A;ACTA No. 07 Junio 10 de 2009 indica que no requiere registro sanitario, y se rectifica en ACTA No. 03 Abril 10 de 2013 ;;18/10/2013;UdeA;NI;811.026.956-0;MR Y CIA S.A.S;No;N/A;Compra;Factura;09872;;SI;;;;;SI;;;No;N/A;No;N/A;Tiempo;"(59:59,99) min;s,00";1s;Variable;NI;;N/A;N/A;N/A;N/A;N/A;N/A
LIME - Citometría de flujo;Clasificador de células FACSMelody;C-LIME-002 / BD D7717;BIO-16279;16 - 503;Gloria Zapata / Andres Zuluaga;Citometría de flujo;BD;FACSMelody;R6616340039;;BIO;N/A;Certificado No Requiere No. 2018012050;;26/7/2021;Comodato BD;NI;860.020.309-6;Becton Dickinson de Colombia Ltda.;N/A;N/A;Comodato;Acta de entrega;NT;;SI;;SI (ING);;;;;;Si;2;No;N/A;N/A;N/A;N/A;N/A;N/A;;;;;;;
LIME - Citometría de flujo;Baño Ultrasónico;C-LIME-002-1 / D-10958;BIO-16696;14 - 263;Gloria Zapata / Andres Zuluaga;Procesamiento Seccion C (Facs Melody);DAIHAN Scientific;WUC-A01H;0399362208R001;;BIO;;;;2021;Comodato BD;NI;860.020.309-6;Becton Dickinson de Colombia Ltda. (Quimicompany);N/A;N/A;Comodato;NI;NI;;SI;;SI (Inglés);;;;;;No;NR;No;N/A;Temperatura Frecuencia;65°C                40KHz;Fijo;N/A;NI;230 VAC;1 A; 80%HR a 31°C y 50%HR a 40°C;0 - 40°C;150 x 135 x 60 mm;1,8kg;Frecuencia 50/60 Hz Potencia 158 W Capacidad 1,2 L
LIME - Microbiología;Baño seco;186949;BIO-16288;NI;Enith Knuth / Andres Zuluaga;Microbiología 1 ;Labnet;D1302;BD195AK0000018;;BIO;N/A;ACTA No. 03 Abril 10 de 2013 ;;23/6/2020;UdeA;27/5/2019;900.754.314-8;Gentech;Si;06/2021;Compra;Factura;GEN-887;;SI;;SI;;SI;;;;Si;1;Si;1;Temperatura / Tiempo;5 - 150 °C / 99:59 h:min;0,1 °C / 1min;;;;;;;;;
LIME - Microbiología;Cabina de bioseguridad;LIME 359;BIO-16298;NI;Enith Knuth / Carolina Rosero;Microbiología 1 ;Biobase;BSC-1300IIA2-X;BSC13A1909195;;BIO;Clase I;Certificación 2014022037 (NO REQUIERE);;31/3/2020;Donación Fundación UdeA;09/2019;811.026.956-0;MR y Cia S.A.S;No;03/2021;Compra;Factura;MRE 10890;;SI;;SI (ING);;SI;;;;Si;1;Si;1 (Calificación);N/A;N/A;N/A;N/A;N/A;;;;;;;
LIME - Microbiología;Cabina de bioseguridad;LIME 358;BIO-16297;NI;Carolina Rosero;Cuarto Alicuotas;TOPAIR SYSTEMS;ECO-BO-080;454026;;BIO;Clase I;No requiere;;26/3/2020;Donación Fundación UdeA;NI;811.026.956-0;MR y Cia S.A.S;No;03/2021;Compra;Factura;MRE 10885;;SI;;;;;;;;Si;1;Si;1 (Calificación);N/A;N/A;N/A;N/A;N/A;;;;;;;
LIME - Microbiología;Equipo de extracción;LIME 357;BIO-16299;NI;Enith Knuth;Microbiología 1 ;Thermo Scientific;KingFisher duo prime;706-80477;;BIO;N/A;Certificación de No Requiere No. 2020009108;;25/3/2020;Donación Fundación UdeA;23/5/2020;900.355.024-5;Equipos y Laboratorio;No;05/2021;Compra;Factura;FE1274;$ 111.598.200;SI;SI;SI (ING);;SI;;Anual;;Si;1;No;N/A;N/A;N/A;N/A;N/A;N/A;;;;;;;
LIME - Microbiología;ID NOW;LIME 377;BIO-16301;NI;Enith Knuth;Microbiología 1 ;ALERE;NAT-000;B776E61C;;BIO;Clase IIa;INVIMA 2018DM-0017742;;17/03/2021 19/03/2021;UT LIME;NI;860.350.711-1;Comprolab / MyM Diagnostics;Si;03/2022;Compra;Factura;ELEC 07484;;SI;;SI;SI;SI;SI;NR;;No;NR;No;N/A;N/A;N/A;N/A;N/A;N/A;;;;;;;
LIME - Microbiología;Micropipeta;LIME 036;BIO-16287;15 - 166;Enith Knuth;Microbiología 1 ;CORNING;Lambda Plus;A58250030;;BIO;Clase I;ACTA No. 09 Septiembre 17 de 2014;;2020;UdeA;NI;811.026.956-0;MR y Cia S.A.S;No;NI;Compra;;;;SI;;SI (ING);;SI;SI;;;Si;1;Si;1;Volumen;20 - 200 uL;;;;;;;;;;
LIME - Microbiología;Micropipeta;LIME 032;BIO-16286;15 - 166;Carolina Rosero;Cuarto Alicuotas;CORNING;Lambda Plus;758261061;;BIO;Clase I;ACTA No. 09 Septiembre 17 de 2014;;2020;UdeA;NI;811.026.956-0;MR y Cia S.A.S;No;NI;Compra;;;;SI;;SI (ING);;SI;SI;;;Si;1;Si;1;Volumen;100 - 1000 uL;;;;;;;;;;
LIME - Microbiología;Micropipeta multicanal;LIME 028;BIO-17238;15 - 166;Felipe Garcia;Biologia Molecular (Preparacion PCR) ;DLAB;N/I;YM178AD0006256;;BIO;Clase I;ACTA No. 09 Septiembre 17 de 2014;;Factura 31/03/2020;Donación Fundación UdeA;NI;811.026.956-0;MR y Cia S.A.S;No;03/2021;Compra;Factura;MRE 10890;$ 1.637.440;SI;SI;SI;;SI;SI;;;Si;1;Si;1;Volumen;5 - 50 uL;0,5 uL;5 - 50 uL;;;;;;;;
LIME - Microbiología;Minicentrifuga   ;186948;BIO-16293;NI;Enith Knuth / Andres Zuluaga;Microbiología 2;Thermo Scientific;mySPIN12;HSG10937;;BIO;;;;9/7/2020;UdeA;NI;900.355.024-5;Equipos y Laboratorio;Si;07/2021;Compra;Factura;FE2220;;SI;;SI;;SI;;;;Si;1;No;N/A;Velocidad;500 - 12500 rpm;;;;;;;;;;
LIME - Microbiología;Termómetro;LIME 042; BIO-12563;17- 436;Enith Knuth;Area de procesamiento C (congelador);Halthen;SH144;11847;;BIO;N/A;ACTA No. 07 Junio 10 de 2009;;NI;UdeA;NI;NI;NI;No;N/A;NI;NI;NI;;SI;;;;SI;SI;;;No;N/A;Si;1;Temperatura;"Temp interior: -10 ° C a 50 ° C/ 14°F a 122°F
Temp exterior: -50 ° C a 70 ° C/-58°F a 158°F";0,1°C/°F;;;;;;;;;
LIME - Microbiología;Timer sencillo;; Pendiente;14 - 053;Enith Knuth;Microbiología 1 ;N/I;N/I;N/I;;BIO;N/A;ACTA No. 03 Abril 10 de 2013 ;;NI;UdeA;NI;NI;NI;No;N/A;NI;NI;NI;;SI;;;;;SI;;;No;N/A;No;N/A;Tiempo;99 h: 59 min, 59 s;1s;;;;;;;;;
LIME - Microbiología;Timer 4 canales;; Pendiente;14 - 053;Enith Knuth;Microbiología 1 ;Alla France;04404354;N/I;;BIO;N/A;ACTA No. 03 Abril 10 de 2013 ;;NI;UdeA;NI;NI;NI;No;N/A;NI;NI;NI;;SI;;;;;SI;;;No;N/A;No;N/A;Tiempo;99 h: 59 min, 59 s;1s;;;;;;;;;
LIME - Microbiología;Filmarray;187250;BIO-16698;NI;Enith Knuth / Andres Zuluaga;Microbiología 1;BIOFIRE;FilmArray Torch (ref: HTFA-ASY-0104);TB03545;;BIO;Clase IIa;INVIMA 2014DM-0011912;;Factura 22/07/2021 Reporte de instalación 05/08/2021;UdeA;03/2021;830.023.844-1;Biomérieux;No tiene garantía;N/A;Compra;Factura                        Reporte de instalación;FE23094 00728988;;SI;SI;SI;Carta de no requiere;SI (proveedor);;NR;;No;NR;No;N/A;N/A;N/A;N/A;N/A;N/A;120 VAC;3,2 A (2 modulos);20 - 80 %HR;15 - 30 °C;458 x 737 x 292 mm;29,9 kg;Frecuencia 50 - 60 Hz
LIME - Microbiología;Agitador Vórtex;LIME 258;BIO-12119;15 - 651;Enith Knuth;Microbiología 1 ;Labnet;S0200;Z1050623;;BIO;N/A;ACTA No. 03 Abril 10 de 2013 ;;NI;UdeA;NI;NI;NI;No;N/A;NI;NI;NI;;SI;;SI;;SI;;NR;;No;NR;No;N/A;Velocidad;"Velocidad maxima
3400 rpm. (60 Hz)
2850 rpm. (50 Hz)";Perilla sin indicaciones;;;;;;;;;
LIME - Microbiología;Cabina de bioseguridad;148759;BIO-12120;NI;Enith Knuth / Andres Zuluaga;Microbiología 1 ;Labconco;cat36209-04;50537520;;BIO;Clase I;Antes de 2009;;6/6/2005;UdeA;NI;NI;Labconco Corporation;No;N/A;Compra;Factura;689759;;SI;SI;SI;;SI;;;;Si;1;Si;1 (Calificación);N/A;N/A;N/A;N/A;N/A;;;;;;;
LIME - Microbiología;Citocentrifuga;143464;BIO-12121;10 - 778;Enith Knuth / Andres Zuluaga;Microbiología 1 ;Thermo Scientific;Cytospin 4;CY81191203;;BIO;Clase I;INVIMA 2014DM-0012446;;22/6/2012;UdeA;NI;830.071.701-1;Macrosearch;No;N/A;Compra;Factura;I5226;;SI;;SI;;SI;;;;Si;1;Si;1;Velocidad;"200 -2000 rpm
1 - 99 minutos";50 rpm;;;;;;;;;
LIME - Microbiología;Contador de células;132182;BIO-12122;15 - 112;Enith Knuth / Andres Zuluaga;Microbiología 1 ;CII UdeA;CDC516;N/I;;BIO;N/A;No es considerado dispositivo médico;;23/1/2009;UdeA;NI;890.980.040 - 8;CII;No;22/1/2010;Compra;Acta de entrega;19714;;SI;;;;SI;;;;Si;1;No;N/A;N/A;N/A;N/A;N/A;N/A;;;;;;;
LIME - Microbiología;Micropipeta;L11115111;BIO-12123;15 - 166;Enith Knuth / Andres Zuluaga;Microbiología 1 ;Nichiryo;Nichipet Ex Plus;L11115111;;BIO;Clase I;ACTA No. 09 Septiembre 17 de 2014    ;;NI;UdeA;NI;NI;NI;No;N/A;Compra;NI;NI;;SI;;SI (ING);;SI;SI;;;Si;1;Si;1;Volumen;100-1000uL;1 uL;;;;;;;;;
LIME - Microbiología;Micropipeta;O21027;BIO-12124;15 - 166;Enith Knuth / Andres Zuluaga;Microbiología 1 ;Nichiryo;Nichipet Ex Plus;H07X15261;;BIO;Clase I;ACTA No. 09 Septiembre 17 de 2014    ;;NI;UdeA;NI;NI;NI;No;N/A;Compra;NI;NI;;SI;;SI (ING);;SI;SI;;;Si;1;Si;1;Volumen;20 - 200 uL;0,2 uL;;;;;;;;;
LIME - Microbiología;Micropipeta;O21026;BIO-12125;15 - 166;Enith Knuth / Andres Zuluaga;Microbiología 2;Nichiryo;Nichipet Ex Plus;H71034182;;BIO;Clase I;ACTA No. 09 Septiembre 17 de 2014    ;;NI;UdeA;NI;NI;NI;No;N/A;Compra;NI;NI;;SI;;SI (ING);;SI;SI;;;Si;1;Si;1;Volumen;2 - 20 uL;0,02 uL;;;;;;;;;
LIME - Lavado y desinfeccion;Horno;27002;BIO-12209;14 - 410;Carolina Rosero  ;Lavado y desinfección;Memmert;U10;350053;;BIO;N/A;Antes de 2009;;1979;UdeA;NI;NI;NI;No;N/A;NI;NI;NI;;SI;;SI (ING);;SI;SI;;;Si;2;No;N/A;Temperatura;;1°C  ;50°C - 60°C;;;;;;;;
LIME - Citogenómica;Horno;26990;BIO-12210;14 - 410;Gloria Ramírez;Citogenomica (Preanalitica);Memmert;25U;546003;;BIO;N/A;Antes de 2009;;1979;UdeA;NI;NI;NI;No;N/A;NI;NI;NI;;SI;;SI (ING);;SI;SI;;;Si;2;Si;2;Temperatura;;10°C;50°C - 60°C;;;;;;;;
LIME - Lavado y desinfeccion;Incubadora;26989;BIO-12212;18 - 013;Carolina Rosero  ;Lavado y desinfección;Memmert;U40;276344;;BIO;N/A;Antes de 2009;;1979;UdeA;NI;NI;NI;No;N/A;NI;NI;NI;;SI;;SI (ING);;SI;SI;;;Si;2;No;N/A;Temperatura;25°C - 50 °C;;37°C;;;;;;;;
LIME - Microbiología;Micropipeta;LIME 033;BIO-12214;15 - 166;Enith Knuth;Microbiología 1 ;Brand;Transferpette S;04H13459;;BIO;Clase I;INVIMA 2013DM-0010284;;Junio 2010;UdeA;NI;NI;NI;No;N/A;Compra;NI;NI;;SI;;SI;;SI;SI;Semestral;;Si;1;Si;1;Volumen;100 - 1000 uL;1 uL;100-1000 ul;;;;;;;;
LIME - Microbiología;Micropipeta;59811;BIO-12213;15 - 166;Enith Knuth / Carolina Rosero;Microbiología 2;Brand;Transferpette S;11F08381;;BIO;Clase I;INVIMA 2013DM-0010284;;Junio 2010;UdeA;NI;NI;NI;No;N/A;Compra;NI;NI;;SI;;SI;;SI;SI;Semestral;;Si;1;Si;1;Volumen;10 - 100 uL;0,1 uL;10-100 ul;;;;;;;;
LIME - Microbiología;Timer sencillo;LIME 141; BIO-12223;14 - 053;Enith Knuth;Microbiología 1 ;N/I;N/I;N/I;;BIO;N/A;ACTA No. 03 Abril 10 de 2013 ;;2010;;NI;NI;NI;No;N/A;NI;NI;NI;;SI;;;;SI;SI;;;No;N/A;No;N/A;Tiempo;99.59:59 h:min:s;1s;99.59:59 h:min:s;;;;;;;;
LIME - Microbiología;Timer sencillo;LIME 140;BIO-16716;14 - 053;Enith Knuth;Microbiología 1 ;NI;NI;NI;;BIO;N/A;ACTA No. 03 Abril 10 de 2013;;NI;;NI;NI;NI;No;N/A;NI;NI;NI;;SI;;;;;;;;No;N/A;Si;1;Tiempo;59:59,99 min:s,00;1 s,00;;;N/A;N/A;N/A;N/A;N/A;N/A;N/A
LIME - Microbiología;MALDI-TOF ;187630;BIO-16700;NI;Carolina Rosero / Andres Zuluaga;Microbiología 2;Biomérieux;VITEK MS ;52528;;BIO;Clase IIa;INVIMA 2012DM-0008807;;Acta de entrega 29/09/2021  Factura 30/09/2021 Reporte de instalación 13/10/2021;UdeA;03/2021;830.023.844-1;Biomérieux;Si;13/10/2022 (por un año más se cubre mantenimiento preventivo básico);Compra;Reporte de entrega          Factura                  Reporte de instalación;00755504              FE25855          00763172;;SI;SI;;;;;;;Si;1;No;N/A;N/A;N/A;N/A;N/A;N/A;230/240 VAC;10 A;;;;360 kg;
LIME - Microbiología;Minicentrifuga de placas;189599;BIO-16701;10 - 778;Enith Knuth / Andres Zuluaga;Microbiología 1 ;Thermo Fisher Scientific;Sorvall ST8 (referencia: 75007200);720021050815;;BIO;Clase I;INVIMA 2017DM-0015916;;9/2/2022;UdeA;2021;900.355.024-5;Equipos y laboratorio;Si;9/2/2023;Compra;Factura;FE7279;;SI;SI;SI;SI (apartado manual de usuario, pero indica aspectos a revisar en el mantenimiento);;;Anual;;Si;1;Si;1;Velocidad     Tiempo;300 - 16000 rpm    máx. 99 h 59 min 50 seg;;;;120 VAC;5 A;50 - 80 %HR;2 - 35 °C;660/310 x 370 x 490 mm (altura(tapa abierta/cerrada) x ancho x profundo);35 kg;Frecuencia 60 Hz Potencia 310 W
LIME - Microbiología;Microscopio y camara para microscopio;188714;BIO-16702;12 - 536;Enith Knuth / Andres Zuluaga;Microbiología 1 ;NIKON;ECLIPSE Si RS (modelo camara: Digital Sight 1000);078899 (serie camara: 111206);;BIO;Clase I;INVIMA 2015DM-0012955;;Fecha recibo del bien                 22/12/2021    Fecha factura 25/01/2022    Fecha instalación 26/01/2022;UdeA;NI;900.505.373-5;ZIVOT Tecnología e innovación;Si;22/12/2022;Compra;Factura                            ;Z1294;;SI;SI;SI (ingles);;;;;;Si;1;No;N/A;N/A;N/A;N/A;N/A;N/A;Adaptador                  Entrada 100 - 240 VAC                   Salida 5 VDC;Adaptador Salida 3A;Máx. 60%HR;0 - 40 °C;236 x 401,5 x 280 mm;6 kg;Frecuencia 50 - 60 Hz Potencia 15 W
LIME - Microbiología;Baño Termostatado;188718;BIO-16703;14 - 429;Carolina Rosero / Andres Zuluaga;Microbiología 2;Thermo Fisher Scientific;HAAKE A10             HAAKE SC100 (referencia:1525108);1110363901211027;;BIO;Clase I;Certificación No requiere No. 2018004805;;9/2/2022;UdeA;NI;900.355.024-5;Equipos y laboratorio;Si;9/2/2023;Compra;Factura;FE7279;;SI;SI;SI (ingles);;;;;;Si;1;Si;1;Temperatura;;;;;115 V;11,5 A;;;;;Frecuencia 60 Hz
LIME - Microbiología;Incubadora CO2;189598;BIO-16704;18 - 013;Enith Knuth / Andres Zuluaga;Microbiología 2;Thermo Scientific;HERACELL VIOS 160i;42833673;;BIO;Clase IIa;CERTIFICACIÓN No requiere No. 2021024065;;9/2/2022;UdeA;5/8/2021;900.355.024-5;Equipos y laboratorio;Si;9/2/2023;Compra;Factura;FE7279;;SI;;SI (Inglés);;;;;;Si;1;Si;1 (Calificación);Temperatura;55 - 180 °C;NI;NI;NI;120 V;8,3 A;Máx. 80%HR;NI;637 x 905 x 790 mm;83kg;Frecuencia 50/60 Hz Potencia 1 KW
LIME - Microbiología;Lector Microplacas Elisa;189600;BIO-16705;16 - 979;Carolina Rosero / Andres Zuluaga;Microbiología 1 ;Thermo Scientific;MULTISKAN SkyHigh (referencia: A51119600DPC);1550-800864;;BIO;Clase IIa;CERTIFICACIÓN No requiere No. 2021017934;;9/2/2022;UdeA;30/7/2021;900.355.024-5;Equipos y laboratorio;Si;9/2/2023;Compra;Factura;FE7279;;SI;SI;SI;;;Lista de verificación manual de usuario (pág. 42);Anual (se realizan actividades diario y semanal);;Si;1;No;N/A;;;;;;100 - 240 VAC;NI;máx. 80%HR para temp. hasta 31°C, disminuyendo linealmente al 50%HR a 40°C;5 - 40 °C;265 x 295 x 445 mm;Aprox. 11,5kg;Frecuencia 50/60 Hz
LIME - Microbiología;Nevera;LIME 392;Pendiente;13 - 315;Enith Knuth;Microbiología 1 ;Infrico Medcare;LTR40SD;3000393099;;IND;N/A;N/A;;Fecha de recepción 02/03/2022;UT LIME;14/10/2020;800.154-351-3;Blamis;;;Compra;;;;SI;;Ficha técnica;;;;;;Si;1;Si;1 (Calificación);Temperatura;2 - 8 °C;NI;NI;NI;115 V;3,3 A;NI;NI;670 x 670 x 1963 mm;138kg;Frecuencia 60 Hz Potencia 258 W Capacidad 357 L
LIME - Microbiología;Micropipeta;LIME 034;BIO-16706;15 - 166;Enith Knuth;Microbiología 2;Nichiryo;Nichipet Premium;M21383741;;BIO;Clase I;ACTA No. 09 Septiembre 17 de 2014;;Fecha de recepción 03/03/2022 ;UT LIME;NI; 811.032.591-0;MDM CIENTIFICA;;;Compra;Factura;FE4634;$ 2.142.000;SI;;SI (inglés físico y digital);;;;;;Si;1;Si;1;Volumen;0,5 - 10 uL;NI;NI;NI;N/A;N/A;N/A;N/A;N/A;N/A;N/A
LIME - Microbiología;Micropipeta;LIME 035;BIO-16707;15 - 166;Enith Knuth;Microbiología 2 ;Nichiryo;Nichipet Premium;M19980341;;BIO;Clase I;ACTA No. 09 Septiembre 17 de 2014;;Fecha de recepción 17/02/2022 ;UT LIME;NI;900.754.314-8;Gentech;;;Compra;Factura;GEN-3246;$ 1.431.213;SI;;SI (inglés físico y digital);;;;;;Si;1;Si;1;Volumen;100 - 1000 uL;NI;NI;NI;N/A;N/A;N/A;N/A;N/A;N/A;N/A
LIME - Microbiología;Micropipeta multicanal;LIME 037;BIO-16708;15 - 166;Enith Knuth;Microbiología 1 ;Nichiryo;Nichipet EXII MULTI;K21X31521;;BIO;Clase I;ACTA No. 09 Septiembre 17 de 2014;;Fecha de recepción 08/03/2022 ;UT LIME;NI;900.754.314-8;Gentech;;;Compra;Factura;GEN-3284;$ 3.521.508;SI;;SI (inglés);;;;;;Si;1;Si;1;Volumen;30 - 300 uL           (12 canales) ;NI;NI;NI;N/A;N/A;N/A;N/A;N/A;N/A;N/A
LIME - Microbiología;Micropipeta;LIME 027;BIO-16709;15 - 166;Carlos Afanador;Biología Molecular (Cultivo);Nichiryo;Nichipet Premium;M21383621;;BIO;Clase I;ACTA No. 09 Septiembre 17 de 2014;;Fecha factura 10/05/2022;UT LIME;NI; 811.032.591-0;MDM CIENTIFICA;;;Compra;Factura;FE 6185;$ 1.735.020;SI;;;;;;;;Si;1;Si;1;Volumen;0,5 - 10 uL;NI;NI;NI;N/A;N/A;N/A;N/A;N/A;N/A;N/A
LIME - Microbiología;Micropipeta;LIME 031;BIO-16710;15 - 166;Enith Knuth;Microbiología 1 ;Nichiryo;Nichipet Premium;M21383561;;BIO;Clase I;ACTA No. 09 Septiembre 17 de 2014;;Fecha factura 10/05/2022;UT LIME;NI; 811.032.591-0;MDM CIENTIFICA;;;Compra;Factura;FE 6185;$ 1.735.020;SI;;;;;;;;Si;1;Si;1;Volumen;0,5 - 10 uL;NI;NI;NI;N/A;N/A;N/A;N/A;N/A;N/A;N/A
LIME - Microbiología;Cabina de flujo laminar;190340;BIO-16711;NI;Carolina Rosero / Andres Zuluaga;Microbiología 2;ESCO;AC2-3E9;2021-168445;;BIO;N/A;No requiere;;Fecha de recepción 13/05/2022;UdeA;2021;860.028.662-8;LabBrands;;;Compra;;;;;;;;;;;;Si;1;Si;1 (Calificación);;;;;;110 - 130 VAC;;;;;;Frecuencia 50/60 Hz    Potencia máx. 370W
LIME - Microbiología;Agitador vórtex;190335;BIO-16712;15 - 651;Carolina Rosero / Andres Zuluaga;Cuarto Alicuotas;Heidolph;REAX TOP;200436067;;BIO;N/A;ACTA No. 03 Abril 10 de 2013 ;;Fecha de recepción 23/05/2022;UdeA;21/04/2021;811.026.956-0;MR Y CIA S.A.S;;;Compra;Factura;MRE 15468;;;;;;;;;;No;NR;No;N/A;;;;;;;;;;;;
LIME - Microbiología;Agitador vórtex;190341;BIO-16713;15 - 651;Carolina Rosero / Andres Zuluaga;Microbiología 2;Heidolph;REAX TOP;200436066;;BIO;N/A;ACTA No. 03 Abril 10 de 2013 ;;Fecha de recepción 23/05/2022;UdeA;21/04/2021;811.026.956-0;MR Y CIA S.A.S;;;Compra;Factura;MRE 15468;;;;;;;;;;No;NR;No;N/A;;;;;;;;;;;;
LIME - Farmacología y Toxicología;Micropipeta;LIME 006;BIO-16714;15 - 166;Andres Hincapie;Procesamiento Seccion C;Brand;Transferpette S O DE-M21;21E73743;;BIO;Clase I;INVIMA 2013DM-0010284;;27/08/2021;UT LIME;NI;811.026.956-0;MR Y CIA S.A.S;;;Compra;Factura;MRE 13745;$ 1.118.600;SI;;SI;;SI;SI;Semestral;;Si;1;Si;1;Volumen;100 - 1000 uL;;;;;;;;;;
LIME - Farmacología y Toxicología;Micropipeta;LIME 007;BIO-16715;15 - 166;Andres Hincapie;Procesamiento Seccion C;Brand;Transferpette S O DE-M21;21E73744;;BIO;Clase I;INVIMA 2013DM-0010284;;27/08/2021;UT LIME;NI;811.026.956-0;MR Y CIA S.A.S;;;Compra;Factura;MRE 13745;$ 1.118.600;SI;;SI;;SI;SI;Semestral;;Si;1;Si;1;Volumen;100 - 1000 uL;;;;;;;;;;
LIME - Farmacología y Toxicología;Micropipeta;LIME 011;BIO-16291;15 - 166;Andres Hincapie;Procesamiento Seccion C;Brand;Transferpettor;21G13272;;BIO;Clase I;ACTA No. 09 Septiembre 17 de 2014;;12/10/2021;UT LIME;NI;811.026.956-0;MR Y CIA S.A.S;;;Compra;Factura;MRE 14047;$ 2.534.700;SI;;;;;;;;Si;1;Si;1;Volumen;1000 uL;Fija;;;;;;;;;
LIME - Farmacología y Toxicología;Timer sencillo;LIME 053;BIO-16697;14 - 053;Andres Hincapie;Procesamiento Seccion C;N/I;N/I;N/I;;BIO;N/A;ACTA No. 03 Abril 10 de 2013 ;;NI;;NI;NI;NI;No;N/A;NI;NI;NI;;SI;;;;;SI;;;No;N/A;Si;1;Tiempo;99 h: 59 min, 59 s;1s;;;;;;;;;
LIME - Farmacología y Toxicología;Agitador Horizontal;157737;BIO-12143;15 - 651;Andres Hincapie / Carla Restrepo;Procesamiento Seccion C;Indulab;N/I;14380;;BIO;N/A;ACTA No. 03 Abril 10 de 2013 ;;11/9/2015;UdeA;NI;811.013.926-3;Indulab S.A.;No;11/1/2017;Compra;Factura;6980;;SI;SI (Certificado nacionalidad);SI;SI;SI;SI;Semestral;;Si;2;Si;2;"Tiempo
rpm";"0 - 99 min
50 - 220 rpm";10 rpm;200-220 rpm;;;;;;;;
LIME - Farmacología y Toxicología;Agitador Magnético;116130;BIO-12144;15 - 651;Andres Hincapie / Carla Restrepo;Procesamiento Seccion C;Barnstead International;Cimarec SP131325;1313040692740;;BIO;N/A;Antes de 2009 - CIRCULAR EXTERNA Nº 1000-0085-18;;24/1/2005;UdeA;NI;811.026.956-0;MR Y CIA S.A.S;No;N/A;Compra;Factura;004592;;SI;;SI;;SI;SI;;;Si;1;No;N/A;Temperatura        Velocidad;5 - 540 °C / 60 - 1200 rpm;5 °C / 100 rpm;N/A;;;;;;;;
LIME;Agitador Vórtex;156137;BIO-12147;15 - 651;Contingencia / Carla Restrepo;Almacen;Boeco;V-1 Plus;010203-1407-2046;;BIO;N/A;ACTA No. 03 Abril 10 de 2013 ;;8/7/2015;UdeA;NI;811.026.956-0;MR Y CIA S.A.S;No;N/A;Compra;Factura;14239;;SI;;SI;;SI;SI;;;Si;1;No;N/A;Velocidad;750 - 3000 rpm;Perilla sin escala;N/A;;;;;;;;
LIME - Farmacología y Toxicología;Agitador Vórtex;156469;BIO-12145;15 - 651;Andres Hincapie / Carla Restrepo;Procesamiento Seccion C;Thermo Scientific;LP Vortex Mixer;F3KT17042;;BIO;N/A;ACTA No. 03 Abril 10 de 2013 ;;3/8/2015;UdeA;NI;900.355.024-5;Equipos y Laboratorio;No;N/A;Compra;Factura;C6258;;SI;SI;SI;;SI;SI;;;Si;1;Si;1;Velocidad;0 - 3200 rpm;500 rpm;0 - 3200 rpm;;;;;;;;
LIME - Farmacología y Toxicología;Bomba de vacío;162543;Pendiente;15 - 168;Andres Hincapie / Andres Zuluaga;Cromatografía gaseosa;Edwards;RV3 A65201903;159408780;;IND;N/A;N/A;;2016;UdeA;NI;830.034.462-7;Innovatek;No;N/A;Compra;NI;NI;;SI;;SI;;;;Anual;;Si;1;No;N/A;;;;;;;;;;;;
LIME - Citogenómica;Agitador Vórtex;156468;BIO-12146;15 - 651;Gloria Ramirez / Andres Zuluaga;FISH (Preanalitica);Thermo Scientific;LP Vortex Mixer;F3KT17056;;BIO;N/A;ACTA No. 03 Abril 10 de 2013 ;;3/8/2015;UdeA;NI;900.355.024-5;Equipos y Laboratorio;No;N/A;Compra;Factura;C6258;;SI;SI;SI;;SI;SI;;;Si;1;Si;1;Velocidad;0 - 3200 rpm;500 rpm;;;;;;;;;
LIME - Farmacología y Toxicología;Analizador de mercurio;126031;BIO-12149;NI;No esta en uso / Carla Restrepo;Absorción atómica;Milestone;DMA-80;7060417;;BIO;N/A;Antes de 2009 - CIRCULAR EXTERNA Nº 1000-0085-18;;9/10/2007;UdeA;2007;830.034.462-7;Innovatek;No;N/A;Compra;Factura;2627;;SI;;SI;El proveedor indica que no hace entrega de los mismos (correo de evidencia);SI;;;;No;N/A;No;N/A;ng/mg;0,005 - 1000 ng / 0,05 - 10000 ug;;;;;;;;;;
LIME - Farmacología y Toxicología;Analizador de química sanguinea;136219;BIO-12150;15 - 551;Andres Hincapie / Carla Restrepo;Procesamiento Seccion C;Mindray;BS120;WK9C101049;;BIO;Clase IIa;INVIMA 2010DM-0006830;;4/5/2010;UdeA;12/2009;830.025.281-2;Annar Diagnóstica Import S.A.S;No;N/A;Compra;Factura;SAS - 119580;;SI;;SI;;SI;SI;Variable;;No;N/A;No;N/A;Longitud de onda;340 - 670 nm;N/A;N/A;N/A;N/A;N/A;N/A;N/A;N/A;N/A;N/A
LIME;Balanza de precisión;164721;BIO-12151;18 - 450;Andres Hincapie / Andres Zuluaga;Área balanzas;Trumax;MIX-M;YS153786;;BIO;N/A;ACTA No. 03 Abril 10 de 2013 ;;19/8/2016;UdeA;NI;900.745.087-2;Kasalab;No;N/A;Compra;Factura;00449;;SI;;SI;;SI;;;;Si;1;Si;1;Peso;2 - 1500 g;0,1 g;2-1000 g;;;;;;;;
LIME - Farmacología y Toxicología;Baño Ultrasónico;158922;BIO-12153;14 - 263;Andres Hincapie / Carla Restrepo;Procesamiento Seccion C;Elma;Elmasonic P 30 H;101573085;;BIO;;;;16/9/2015;UdeA;NI;890.912.308-6;Laboratorios Ltda.;No;N/A;Compra;Factura;CR00092547;;SI;;SI;;SI;;NR;;No;NR;No;N/A;Tiempo/Temperatura/Potencia;"Tiempo corto 1-60 min (Funcionamiento continuo maximo 12 horas)
Temp 30 - 80°C
Potencia 30 - 100%";"Tiempo 1min (1-10), 5min (10-20), 10min (20-60)
Temp 5°C
Potencia 10%";N/A;;;;;;;;
LIME - Farmacología y Toxicología;Cabina de extracción;150133;BIO-12154;NI;Andres Hincapie / Alejandro Ospina;Procesamiento Seccion C;Air Science;Purair P20;P70900;;BIO;Clase I;No requiere;;22/11/2013;UdeA;NI;900.355.024-5;Equipos y laboratorio;No;N/A;Compra;Factura;2874;;SI;;SI;;SI;;Variable;;Si;1;Si;1 (calificación);N/A;N/A;N/A;N/A;N/A;;;;;;;
LIME - Farmacología y Toxicología;Cromatógrafo gaseoso;162543;BIO-12158;15 - 120;Andres Hincapie / Andres Zuluaga;Cromatografía gaseosa;Thermo Scientific;Trace 1310;714001584;;BIO;N/A;No requiere, no es considerado dispositivo médico (carta proveedor);;1/12/2015;UdeA;NI;830.034.462-7;Innovatek;No;N/A;Compra;Factura;9336;;SI;;SI;SI (Inglés - sacado de internet);SI;;Semestral;;Si;2;Si;1 (calificación);N/A;N/A;N/A;N/A;N/A;;;;;;;
LIME - Farmacología y Toxicología;Cromatografo líquido de alta resolución;158055;BIO-12159;18 - 274;Andres Hincapie / Andres Zuluaga;Cromatografía líquida;Thermo Fisher;Ultimate 3000;8095665;;BIO;N/A;No requiere, no es considerado dispositivo médico (carta proveedor);;8/4/2015;UdeA;NI;830.034.462-7;Innovatek;No;N/A;Compra;Factura;8456;;SI;;SI;Apartado manual de usuario.                  El proveedor indica que no hace entrega de los mismos (correo de evidencia);SI;;;;Si;2;Si;1 (calificación);N/A;N/A;N/A;N/A;N/A;;;;;;;
LIME;Nevera;146188;Pendiente;13-315;Andres Hincapie / Alejandro Ospina;Procesamiento Seccion B (Almacenamiento de reactivos);Tecnifrio;N/I;N/I;;IND;N/A;N/A;;12/11/2012;UdeA;NI;900.445.486-0;Industria Tecnifrio S.A.S;No;N/A;Compra;Factura;135;;SI;;;;;;;;Si;1;Si;1;Temperatura;2 - 6 °C;0,1 °C;N/A;;;;;;;;
LIME - Farmacología y Toxicología;Dispensador Volumétrico;156467;BIO-12160;16 - 274;Andres Hincapie / Carla Restrepo;Procesamiento Seccion B (Nevera 2);Brand;Dispensette;11M99767;;BIO;Clase I;ACTA No. 08 Septiembre 11 de 2013 ;;5/8/2015;UdeA;NI;811.026.956-0;MR Y CIA S.A.S;No;N/A;Compra;Factura;MR-14407;;SI;;SI;;SI;SI;;;Si;1;Si;1;Volumen;0 - 5 ml;0,1 ml;0,5-5 ml;;;;;;;;
LIME - Farmacología y Toxicología;Equipo de absorción atómica;115459;BIO-12161;15 - 079;Andres Hincapie / Carla Restrepo;Absorción atómica;Thermo electron;S4;GE711236;;BIO;N/A;Antes de 2009 - CIRCULAR EXTERNA Nº 1000-0085-18;;22/4/2004;UdeA;NI;830.034.462-7;Innovatek;No;N/A;Compra;Factura;1326;;SI;;SI;Apartado manual de usuario.                  El proveedor indica que no hace entrega de los mismos (correo de evidencia);SI;;;;Si;2;Si;2 (Calificación);Longitud de onda;180-900 nm;N/A;N/A;N/A;;;;;;;
LIME - Farmacología y Toxicología;Micropipeta;LIME 001;BIO-12177;15 - 166;Andres Hincapie;Procesamiento Seccion C;Corning;Lambda Plus;658220168;;BIO;Clase I;ACTA No. 09 Septiembre 17 de 2014;;12/10/2016;UdeA;NI;811.026.956-0;MR Y Cia S.A.S;No;N/A;Compra;Factura;MRC2303;$ 788.800;SI;;SI (ING);;SI;SI;;;Si;1;Si;1;Volumen;0,5 - 10 ul;0,02 uL;0,5- 10 µl;;;;;;;;
LIME - Farmacología y Toxicología;Medidor de pH;157736;BIO-12165;15 - 164;Andres Hincapie / Carla Restrepo;Procesamiento Seccion C;WTW;PH7110;15341338;;BIO;;;;3/9/2015;UdeA;NI;900.753.546-5;Sensorica e Ingeniería SAS;No;N/A;Compra;Factura;SEI-1317;;SI;;SI;;SI;SI;;;Si;1;Si;1;pH;0 - 14 / T 5 - 105 °C;0,001 ph / 0,1 °C;0-14;;;;;;;;
LIME - Farmacología y Toxicología;Micropipeta;143401;BIO-12167;15 - 166;Andres Hincapie / Carla Restrepo;Procesamiento Seccion C;Human;Humapette;02H77845;;BIO;Clase I;ACTA No. 09 Septiembre 17 de 2014;;25/4/2012;UdeA;NI;860.350.711-1;Comprolab S.A.S;No;N/A;Compra;Factura;132731;;SI;;SI;;SI;SI;;;Si;1;Si;1;Volumen;1000 ul;Fija;1000 µl;;;;;;;;
LIME - Farmacología y Toxicología;Micropipeta;LIME 003;BIO-12168;15 - 166;Andres Hincapie;Absorción atómica;Corning;Lambda Plus;558250527;;BIO;Clase I;ACTA No. 09 Septiembre 17 de 2014;;1/12/2016;UdeA;NI;811.026.956-0;MR Y Cia S.A.S;No;N/A;Compra;Factura;MRC2660;$ 788.800;SI;;SI (ING);;SI;SI;;;Si;1;Si;1;Volumen;20 - 200 ul;0,2 ul;20-200 µl;;;;;;;;
LIME - Farmacología y Toxicología;Micropipeta;LIME 002;BIO-12169;15 - 166;Andres Hincapie;Procesamiento Seccion C;Corning;Lambda Plus;558221586;;BIO;Clase I;ACTA No. 09 Septiembre 17 de 2014;;1/12/2016;UdeA;NI;811.026.956-0;MR Y Cia S.A.S;No;N/A;Compra;Factura;MRC2660;$ 788.800;SI;;SI (ING);;SI;SI;;;Si;1;Si;1;Volumen;0,5 - 10 ul;0,02 ul;0.5 -10 µl;;;;;;;;
LIME - Farmacología y Toxicología;Micropipeta;LIME 005;BIO-12170;15 - 166;Andres Hincapie;Procesamiento Seccion C;Corning;Lambda Plus;658262213;;BIO;Clase I;ACTA No. 09 Septiembre 17 de 2014;;2016;UdeA;NI;811.026.956-0;MR Y Cia S.A.S;No;N/A;NI;NI;NI;;SI;;SI (ING);;SI;SI;;;Si;1;Si;1;Volumen;100 - 1000 ul;2 ul;;;;;;;;;
LIME - Farmacología y Toxicología;Micropipeta;156136;BIO-12175;15 - 166;Andres Hincapie / Carla Restrepo;Procesamiento Seccion C;Corning;Lambda Plus;358246840;;BIO;Clase I;ACTA No. 09 Septiembre 17 de 2014;;5/8/2015;UdeA;NI;811.026.956-0;MR Y Cia S.A.S;No;N/A;Compra;Factura;MR-14410;;SI;;SI (ING);;SI;SI;;;Si;1;Si;1;Volumen;10 - 100 ul;0,2 ul;10-100 µl;;;;;;;;
LIME - Farmacología y Toxicología;Micropipeta;156135;BIO-12176;15 - 166;Andres Hincapie / Andres Zuluaga;Procesamiento Seccion C;Corning;Lambda Plus;358246841;;BIO;Clase I;ACTA No. 09 Septiembre 17 de 2014;;8/5/2015;UdeA;NI;811.026.956-0;MR Y Cia S.A.S;No;N/A;Compra;Factura;MR-13820;;SI;;SI (ING);;SI;SI;;;Si;1;Si;1;Volumen;10 - 100 ul;0,2 uL;10-100 µl;;;;;;;;
LIME - Farmacología y Toxicología;Micropipeta;LIME 009;BIO-12179;15 - 166;Andres Hincapie;Procesamiento Seccion C;Boeco;UV 1000uL;KF573870;;BIO;Clase I;ACTA No. 09 Septiembre 17 de 2014;;3/11/2016;UdeA;NI;811.026.956-0;MR Y Cia S.A.S;No;N/A;Compra;Factura;MRC2468;$ 174.000;SI;;;;SI;SI;;;Si;1;Si;1;Volumen;1000 ul;Fija;1000 µl;;;;;;;;
LIME - Farmacología y toxicología;UPS;146491;Pendiente;;Andres Hincapie / Carla Restrepo;Absorción atómica;Minuteman;ED3000RMT2U;DE17121000003;;IND;N/A;N/A;;NI;UdeA;NI;NI;NI;No;N/A;Compra;NI;NI;;SI;;SI;;;;;;Si;1;No;N/A;N/A;N/A;N/A;N/A;N/A;;;;;;;
LIME - Farmacología y toxicología;UPS;135991;Pendiente;;BS-120 /Alejandro Ospina;Procesamiento Seccion C;Minuteman;ED2000RM2U;DE12070A00021;;IND;N/A;N/A;;NI;UdeA;NI;NI;NI;No;N/A;Compra;NI;NI;;SI;;SI;;;;;;Si;1;No;N/A;N/A;N/A;N/A;N/A;N/A;;;;;;;
LIME - Farmacología y toxicología;UPS;LIME 256;Pendiente;;Andres Hincapie;Cromatografía gaseosa;PEI;U206;U6151061836507H;;IND;N/A;N/A;;13/6/2016;UdeA;NI;NI;PEI power;No;N/A;Compra;Reporte de servicio de instalación;NT;;SI;;SI;;;;;;Si;1;No;N/A;N/A;N/A;N/A;N/A;N/A;;;;;;;
LIME - Farmacología y toxicología;UPS;146492;Pendiente;;Enderson Murillo / Alejandro Ospina;Cromatografía líquida;Minuteman;ED2000RM2U;DE12120400041;;IND;N/A;N/A;;NI;UdeA;NI;NI;NI;No;N/A;Compra;NI;NI;;SI;;SI;;;;;;Si;1;No;N/A;N/A;N/A;N/A;N/A;N/A;;;;;;;
LIME - Farmacología y Toxicología;Micropipeta;LIME 004;BIO-12180;15 - 166;Andres Hincapie;Procesamiento Seccion C;Corning;Lambda Plus;658262217;;BIO;Clase I;ACTA No. 09 Septiembre 17 de 2014;;3/11/2016;UdeA;NI;811.026.956-0;MR Y Cia S.A.S;No;N/A;Compra;Factura;MRC2465;$ 788.800;SI;;SI (ING);;SI;SI;;;Si;1;Si;1;Volumen;100 - 1000 ul;2 uL;100-1000 µl;;;;;;;;
LIME - Farmacología y Toxicología;Micropipeta;LIME 008;BIO-12171;15 - 166;Andres Hincapie;Procesamiento Seccion C;Biohit;Proline 720050;AT22582;;BIO;Clase I;ACTA No. 09 Septiembre 17 de 2014;;2005;UdeA;NI;811.026.956-0;MR Y Cia S.A.S;No;N/A;NI;NI;NI;;SI;;SI;;SI;SI;;;Si;1;Si;1;Volumen;10 - 100 ul;1 ul;10-100 µl;;;;;;;;
LIME - Farmacología y Toxicología;Micropipeta Multicanal;LIME 010;BIO-12181;15 - 166;Andres Hincapie;Procesamiento Seccion C;Boeco;5-50uL;11032344;;BIO;Clase I;ACTA No. 09 Septiembre 17 de 2014;;2017;UdeA;NI;811.026.956-0;MR Y Cia S.A.S;No;N/A;NI;NI;NI;;SI;;;;SI;SI;;;Si;1;Si;1;Volumen;5 - 50 ul;0,5 ul;5-50 µl;;;;;;;;
LIME - Farmacología y toxicología;Analizador de mercurio (con generador de oxigeno);188715;BIO-16717;NI;Andres Hincapie / Andres Zuluaga;Absorción atómica;Milestone Srl;DMA-80 EVO;21093374 (serie generador: 4191351);;BIO;N/A;No requiere, no es considerado dispositivo médico (carta proveedor);;Remisión de entrega 14/01/2022 Factura e instalación 03/02/2022;UdeA;2021;830.034.462-7;Innovatek;Si;3/2/2023;Compra;Factura                    Remisión                Informe de instalación;TEK4611             8870                      GT-2377;;SI;SI;;;;;;;Si;2;Si;1 (calificación);N/A;N/A;N/A;N/A;N/A;110 - 120 VAC;;;;;;Frecuencia 50/60 Hz Potencia 1200 VA
LIME - Farmacología y toxicología;Nevera;LIME 393;Pendiente;13 - 315;Andres Hincapie;Procesamiento Seccion C;Infrico Medcare;LTR40SD;3000494512;;IND;N/A;N/A;;Fecha de recepción 02/03/2022;UT LIME;6/5/2021;800.154-351-3;Blamis;;;Compra;;;;SI;;Ficha técnica;;;;;;Si;1;Si;1 (Calificación);Temperatura;2 - 8 °C;NI;NI;NI;115 V;3,3 A;NI;NI;670 x 670 x 1963 mm;138kg;Frecuencia 60 Hz Potencia 258 W Capacidad 357 L
LIME - Farmacología y toxicología;Agitador vórtex;190332;BIO-16718;15 - 651;Andres Hincapie / Andres Zuluaga;Absorción atómica;Heidolph;REAX TOP;200437970;;BIO;N/A;ACTA No. 03 Abril 10 de 2013 ;;Fecha de recepción 23/05/2022;UdeA;29/04/2021;811.026.956-0;MR Y CIA S.A.S;;;Compra;Factura;MRE 15468;;;;;;;;;;No;NR;No;N/A;;;;;;;;;;;;
LIME - Farmacología y toxicología;Espectrofotómetro;190339;BIO-16719;15 - 083;Andres Hincapie / Andres Zuluaga;Procesamiento Seccion C;Thermo Scientific;Evolution One Plus UV-Vis 840-341500;EV2A030003;;BIO;;No requiere;;Remisión de entrega 26/05/2022;UdeA;;830.034.462-7;Innovatek;Si;;Compra;Factura;;;;;;;;;;;Si;2;Si;1 (calificación);;;;;;100 - 240 VAC;;;;;;Frecuencia 50/60 Hz   Potencia 150 W
LIME;Termohigrómetro;160904;BIO-16285;NI;Juan Carlos Herrera / Andres Zuluaga;Absorción atómica;Halthen;TTH-002;6606;;BIO;Clase I;ACTA No. 03 Abril 10 de 2013 ;;NI;;NI;NI;NI;No;N/A;NI;NI;NI;;SI;;SI (Brochure y guía de manejo);;SI;SI;;;No;N/A;Si;1;Temperatura / Humedad;"Temp interior: 0 a 50 °C (32 a 122 °F).
Temp exterior: -50 a70°C (-58a 158 °F).
Humedad relativa: 15 a 95 % HR";"Temperatura: 0,1 °C (0,1°F)
Humedad: 1 %HR";;;;;;;;;
LIME - Química e inmunología;Analizador de Inmunoanálisis  Mini vidas;186951;BIO-16302;NI;Juan Carlos Herrera / Andres Zuluaga;Procesamiento Seccion B;BIOMÉRIEUX;mini VIDAS;IVD5214592;;BIO;Clase IIa;INVIMA 2018DM-0018613;;17/7/2020;UT LIME;01/2020;830.023.844-1;Biomérieux;No;N/A;Compra;Factura;FE7683;;SI;SI;SI;Carta de que el proveedor no lo entrega;SI;;Anual;;Si;1;No;N/A;N/A;N/A;N/A;N/A;N/A;;;;;;;
LIME - Química e inmunología;UPS;186951;Pendiente;;Juan Carlos Herrera / Andres Zuluaga;Procesamiento Seccion B;APC;SRT1500XLA;AS2009392591;;IND;;;;;UT LIME;;;;;;;;;;;;;;;;;;Si;1;No;N/A;;;;;;;;;;;;
LIME - Química e inmunología;Analizador Cobas;A-LIME-002;BIO-16300;NI;Juan Carlos Herrera / MyM Diagnostics;Procesamiento Seccion B;Roche;C111;10952;;BIO;Clase IIa;INVIMA 2019DM-0019360;;08/2021;Arriendo MYM;NI;900.228.842-1;MyMDiagnostics;N/A;N/A;Apoyo tecnológico;Contrato;CT.011 DE 2021;;SI;;;;;;;;Si;2;No;N/A;N/A;N/A;N/A;N/A;N/A;;;;;;;
LIME - Química e inmunología;UPS;A-LIME-002-1;Pendiente;;Juan Carlos Herrera / MyM Diagnostics;Procesamiento Seccion B;APC;SRV1KA;BS2023A62665;;IND;;;;;Arriendo MYM;;;;;;;;;;;;;;;;;;Si;1;No;N/A;;;;;;;;;;;;
LIME - Química e inmunología;Maglumi;A-LIME-003;BIO-16303;NI;Juan Carlos Herrera / MyM Diagnostics;Procesamiento Seccion B;SNIBE;MAGLUMI 600;0101010003022000165;;BIO;Clase IIa;"INVIMA 2012DM-0009229	";;31/8/2021;Arriendo MYM;14/12/2020;900.228.842-1;MyMDiagnostics;N/A;N/A;Apoyo tecnológico;Acta de entrega;2930;;SI;SI;;;;;;;Si;2;No;N/A;N/A;N/A;N/A;N/A;N/A;100 - 240 VAC;;;;;;Frecuencia 50/60 Hz Potencia 350 VA
LIME - Química e inmunología;UPS;A-LIME-003-1;Pendiente;;Juan Carlos Herrera / MyM Diagnostics;Procesamiento Seccion B;TRIPP-LITE;OMNI1500LCDT;3027DX4OM882002304;;IND;;;;;Arriendo MYM;;;;;;;;;;;;;;;;;;Si;1;No;N/A;;;;;;;;;;;;
LIME - Química e inmunología;Micropipeta;LIME 012;BIO-16720;15 - 166;Juan Carlos Herrera;Procesamiento Seccion B;Nichiryo;Nichipet Premium;M20387171;;BIO;Clase I;ACTA No. 09 Septiembre 17 de 2014;;Fecha de recepción 17/02/2022 ;UT LIME;NI;900.754.314-8;Gentech;;;Compra;Factura;GEN-3246;$ 1.431.213;SI;;SI (inglés físico y digital);;;;;;Si;1;Si;1;Volumen ;20 - 200 uL;NI;NI;NI;N/A;N/A;N/A;N/A;N/A;N/A;N/A
LIME - Química e inmunología;Micropipeta;LIME 015;BIO-16721;15 - 166;Juan Carlos Herrera;Procesamiento Seccion B;Nichiryo;Nichipet Premium;M21284761;;BIO;Clase I;ACTA No. 09 Septiembre 17 de 2014;;Fecha de recepción 17/02/2022 ;UT LIME;NI;900.754.314-8;Gentech;;;Compra;Factura;GEN-3246;$ 1.431.213;SI;;SI (inglés físico y digital);;;;;;Si;1;Si;1;Volumen ;100 - 1000 uL;NI;NI;NI;N/A;N/A;N/A;N/A;N/A;N/A;N/A
LIME - Química e inmunología;Micropipeta;LIME 014;BIO-16722;15 - 166;Juan Carlos Herrera;Procesamiento Seccion B;Nichiryo;Nichipet Premium;M20784751;;BIO;Clase I;ACTA No. 09 Septiembre 17 de 2014;;Fecha de recepción 17/02/2022 ;UT LIME;NI;900.754.314-8;Gentech;;;Compra;Factura;GEN-3246;$ 1.431.213;SI;;SI (inglés físico y digital);;;;;;Si;1;Si;1;Volumen ;100 - 1000 uL;NI;NI;NI;N/A;N/A;N/A;N/A;N/A;N/A;N/A
LIME - Química e inmunología;Micropipeta;LIME 013;BIO-16723;15 - 166;Juan Carlos Herrera;Procesamiento Seccion B;Nichiryo;Nichipet Premium;M21381591;;BIO;Clase I;ACTA No. 09 Septiembre 17 de 2014;;Fecha de recepción 17/02/2022 ;UT LIME;NI;900.754.314-8;Gentech;;;Compra;Factura;GEN-3246;$ 1.431.213;SI;;SI (inglés físico y digital);;;;;;Si;1;Si;1;Volumen ;20 - 200 uL;NI;NI;NI;N/A;N/A;N/A;N/A;N/A;N/A;N/A
LIME - Química e inmunología;Micropipeta;LIME 016;BIO-16724;15 - 166;Juan Carlos Herrera;Procesamiento Seccion B;Nichiryo;Nichipet Premium;P22282941;;BIO;Clase I;ACTA No. 09 Septiembre 17 de 2014;;Fecha de recepción 07/04/2022;UT LIME;NI;900.754.314-8;Gentech;;;Compra;Factura;GEN 3385;$ 1.427.707;SI;;;;;;;;Si;1;Si;1;Volumen;1000 - 5000 uL;NI;NI;NI;N/A;N/A;N/A;N/A;N/A;N/A;N/A
LIME - Química e inmunología;Timer 3 canales;LIME 049;BIO-16795;14 - 053;Juan Carlos Herrera;Procesamiento Seccion B;Kexgermany;PS-370;2021-06;;BIO;N/A;ACTA No. 03 Abril 10 de 2013;;17/09/2021;UT LIME;NI;811.045.767-6;LABORATORIOS OSSALUD S.A.S;No;N/A;Compra;Factura;OSS7649;$ 65.450;;;;;;;;;No;N/A;Si;1;Tiempo;;;;;N/A;N/A;N/A;N/A;N/A;N/A;N/A
LIME - Biología molecular;Congelador;178406;Pendiente;17 - 157;Felipe Garcia / Andres Zuluaga;Biologia Molecular (Preparacion PCR);Thermo Scientific;02LFEETSA;1168259601180110;;IND;N/A;N/A;;NI;UT LIME;NI;900.355.024-5;Equipos y Laboratorio;No;N/A;NI;NI;NI;;SI;;SI;;;;;;Si;1;Si;1 (Calificación);Temperatura;T -12° a -20° C (10.4° a 4° F);;;;;;;;;;
LIME - Biología molecular;Lámpara UV;Pendiente;BIO-16726;NI;Gloria Ramírez;Biología Molecular;CAMAG;UV LAMP 4;260473;;BIO;N/A;No es considerado dispositivo médico;;26/3/2020;Donación Fundación UdeA;NI;811.026.956-0;MR y Cia S.A.S;No;03/2021;Compra;Factura;MRE 10885;$ 3.213.000;SI;;;;;;;;Si;1;No;N/A;;;;;;;;;;;;
LIME - Biología molecular;Lámpara UV;Pendiente;BIO-16727;NI;Gloria Ramírez;Biología Molecular;CAMAG;UV LAMP 4;260471;;BIO;N/A;No es considerado dispositivo médico;;26/3/2020;Donación Fundación UdeA;NI;811.026.956-0;MR y Cia S.A.S;No;03/2021;Compra;Factura;MRE 10885;$ 3.213.000;SI;;;;;;;;Si;1;No;N/A;;;;;;;;;;;;
LIME - Biología molecular;Micropipeta;LIME 017;BIO-16290;15 - 166;Gloria Ramírez;FISH (Preanalitica);Brand;Transferpette S;21A05655;;BIO;Clase I;INVIMA 2013DM-0010284;;30/08/2021;UT LIME;NI;811.026.956-0;MR y Cia S.A.S;;;Compra;Factura;MRE 13749;$ 1.249.500;SI;;SI;;SI;SI;Semestral;;Si;1;Si;1;Volumen;5 - 10 uL;;;;;;;;;;
LIME - Biología molecular;Minicentrifuga;186957;BIO-16294;NI;Carlos Afanador / Andres Zuluaga;Biología Molecular (Cultivo);Thermo Scientific;MySPIN12;HSG10906;;BIO;;;;9/7/2020;UdeA;NI;900.355.024-5;Equipos y Laboratorio;Si;07/2021;Compra;Factura;FE2220;;SI;;SI;;SI;;;;Si;1;No;N/A;Velocidad;500 - 12500 rpm;;;;;;;;;;
LIME - Biología molecular;Termociclador tiempo real;186955;BIO-16295;NI;Katherine Palacio / Andres Zuluaga;Cromatografía líquida;SACACE BIOTECHNOLOGIES;SaCycler-96;A51209L19;;BIO;Clase IIa;INVIMA 2016DM-0014649;;2020;Comodato Moncada Holding;NI;NT;Emiratos Arabes;No;N/A;Donación;;;;SI;;SI;;SI;;;;Si;1;Si;1;Temperatura;0 - 100°C;0,1°C;;;;;;;;;
LIME - Biología molecular;Termociclador;176697;BIO-12142;NI;Katherine Palacio / Jefferson Buendia;Cromatografía líquida;Applied Biosystems;Step one;2710004832;;BIO;Clase IIa;INVIMA 2011DM-0006957;;16/11/2017;UdeA;25/8/2017;NI;ARC analisis;No;11/2018;Compra;Carta de garantía;NT;;SI;;SI;SI;SI;SI;Variable;;Si;1;No;N/A;N/A;N/A;N/A;N/A;N/A;N/A;N/A;N/A;N/A;N/A;N/A;N/A
LIME;Termohigrómetro;LIME 084;BIO-12202;NI;Duvan Gallego;Cuarto de gases;Extech;445702;0410;;BIO;N/A;ACTA No. 03 Abril 10 de 2013 ;;30/6/2010;UdeA;NI;811.026.956-0;MR Y CIA S.A.S;No;N/A;Compra;Factura;00629;121800;SI;;SI;;;;;;No;N/A;Si;1;Temperatura - Humedad Relativa;T -10 - 60°C/H: 10 - 99% RH;T 0,1 °C / H 1% HR;NI;NI;N/A;N/A;N/A;N/A;N/A;N/A;N/A
LIME - Biología molecular;Termómetro;LIME 109;BIO-12206;17- 436;Felipe Garcia;Contingencia;Halthen;SH144;11843;;BIO;N/A;ACTA No. 07 Junio 10 de 2009;;6/9/2017;UdeA;NI;900.355.024-5;Equipos y Laboratorio;No;N/A;Compra;Factura;C10700;;SI;SI;;;SI;SI;;;No;N/A;Si;1;Temperatura;out: -50 - 70 °C/ in: -10 - 50°C;0,1 °C;-21° - -6°C;NI;N/A;N/A;N/A;N/A;N/A;N/A;N/A
LIME;Termohigrómetro;LIME 072;BIO-12217;NI;Gloria Garcia;Calibrando;ABS;HX-D109;N/I;;BIO;Clase I;ACTA No. 03 Abril 10 de 2013 ;;NI;;NI;NI;NI;No;N/A;NI;NI;NI;;SI;;SI;;SI;SI;;;No;N/A;Si;1;Temperatura/Humedad;"Temp interior: -10 a 50 °C (14 - 122 °F)
Temp exterior: -50 a 70 °C (-58 - 158 °F)
Humedad: 20 - 99 %RH";0.1 °C/°F                                                                                            1% HR;18°C-25°C/42%-72%;;;;;;;;
LIME - Biología Molecular;Agitador magnético;Pendiente;BIO-12231;15 - 651;Gloria Garcia;Cabina Biologia Molecular (Extraccion);Barnstead;SP 18425;757960694449;;BIO;N/A;ACTA No. 03 Abril 10 de 2013 ;;NI;UdeA;NI;NI;NI;No;N/A; NI;NI;NI;;SI;;SI;;SI;SI;;;Si;1;Si;1;Temperatura y velocidad;"T perilla 1-10; Agitación perilla 1-10";;N/A;;;;;;;;
LIME - Biología Molecular;Agitador Vórtex;LIME 245;BIO-12232;15 - 651;Carlos Afanador;Biología Molecular (Cultivo);Velp Scientifica;WX;148297;;BIO;N/A;ACTA No. 03 Abril 10 de 2013 ;;NI;UdeA;NI;800.240.039-8;Anditécnica;No;N/A;Donación;Carta de donación;NT;;SI;;SI;;SI;SI;;;Si;1;No;N/A;Velocidad;0 - 3000 rpm;0 1 3 5 8 12 16 20 24 30;N/A;;;;;;;;
LIME - Biología Molecular;Agitador Vórtex;171065;BIO-12233;15 - 651;Gloria Garcia / Gonzalo Vasquez;Biologia Molecular (Extraccion);Labnet;S0200;0000017247021;;BIO;N/A;ACTA No. 03 Abril 10 de 2013 ;;18/1/2018;UdeA;NI;900.754.314 -8;Gentech;No;01/2019;Compra;Factura;5498;;SI;;SI;;SI;N/A;NR;;No;NR;No;N/A;Velocidad;Max 3400 rpm;Perillaa sin indicación;;;;;;;;;
LIME - Biología Molecular;Agitador Vórtex;171069;BIO-12234;15 - 651;Katherine Palacio / Gonzalo Vasquez;Biologia Molecular (Electroforesis);Labnet;S0200;000017247030;;BIO;N/A;ACTA No. 03 Abril 10 de 2013 ;;18/1/2018;UdeA;NI;900.754.314 -8;Gentech;No;01/2019;Compra;Factura;5498;;SI;;SI;;SI;N/A;NR;;No;NR;No;N/A;Velocidad;Max 3400 rpm;Perilla sin indicación;;;;;;;;;
LIME - Biología Molecular;Analizador genético;178274;BIO-12235;NI;Enderson Murillo / Gonzalo Vasquez;Biología Molecular (Post PCR);Applied Biosystems;3500 / 622-0010;30140-020;;BIO;Clase IIa; INVIMA 2016DM-0014770;;18/7/2018;UdeA;NI;900.355.024-5;Equipos y Laboratorio;Si;11/2023;Compra;Factura;C13040;;SI;SI;SI;;SI;;Variable;;Si;1;No;N/A;N/A;N/A;N/A;N/A;N/A;;;;;;;
LIME - Biología Molecular;Balanza de brazo;118269;BIO-12237;10 - 264;Gloria Ramírez / Carlos Muñeton;Biologia Molecular (Extraccion);Ohaus;Harvard trip;32396;;BIO;Clase I;ACTA No. 03 Abril 10 de 2013 ;;5/10/2005;UdeA;NI;800.240.039-8;Anditécnica;No;N/A;Compra;Factura;3127;;SI;;SI;;SI;SI;;;No;NR;No;N/A;Peso;0 - 2000 g;0,1 g;;;;;;;;;
LIME - Citogenómica;Baño Seco;143882;BIO-12240;NI;Gloria Ramírez / Gloria Ramírez;FISH (Preanalitica);Labnet;D1100;SB1307427;;BIO;Clase I;ACTA No. 03 Abril 10 de 2013 ;;20/6/2012;UdeA;NI;71.739.665-9;Gentech;No;N/A;Compra;Factura;11927;;SI;;SI;;SI;SI;;;Si;2;Si;2;Temperatura;5 - 150 °C;0,1 °C;36°C-74°C;;;;;;;;
LIME - Biología Molecular;Baño Seco;142491;BIO-12241;NI;Gloria Ramírez / Carlos Muñeton;Biologia Molecular (Extraccion);Labnet;D1100;SA1B09411;;BIO;Clase I;ACTA No. 03 Abril 10 de 2013 ;;2/2/2012;UdeA;NI;71.739.665-9;Gentech;No;N/A;Compra;Factura;11144;;SI;;SI;;SI;SI;;;Si;2;Si;2;Temperatura;5 - 150 °C;0,1 °C;52°C-60°C;;;;;;;;
LIME - Biología Molecular;Cabina de bioseguridad;150985;BIO-12242;NI;Carlos Afanador / Juan Carlos Herrera;Biología Molecular (Cultivo);Labconco Logic;Logic+ 302381000;131285278B;;BIO;Clase IIa;Certificación de No requiere 2016011285;;13/2/2014;UdeA;NI;860.072.122-9;G y G sucesores S.A.S.;No;N/A;Compra;Factura;F-8977;;SI;SI;SI;;SI;SI;;;Si;1;Si;1 (Calificación);;T -50 - 70 °C;;;;;;;;;;
LIME - Biología Molecular;Cabina de flujo laminar PCR;143744;BIO-12245;NI;Felipe Garcia / Nora Durango;Biologia Molecular (Preparacion PCR);Esco;SCR-2A2;2012-67970;;BIO;Clase I; Certificación de No requiere 2014023125;;6/6/2012;UdeA;NI;900.026.709-0;CTL Company;No;N/A;Compra;Factura;1188;;SI;;SI;;SI;SI;Variable;;Si;1;Si;1 (Calificación);;;;;;;;;;;;
LIME - Biología Molecular;Cámara extractora de gases;152858;BIO-12246;NI;Gloria Ramírez / Gloria Ramírez;Procesamiento Seccion C;Esco;ADC-4C2;2014-88208;;BIO;Clase I;Certificación de No requiere 2014023125;;18/7/2014;UdeA;2014;900.026.709-0;CTL Company;No;N/A;Compra;Factura;000720;;SI;;SI;;SI;SI;Variable;;Si;1;Si;1 (Calificación);Velocidad de extracción;;0,1 m/s;;;;;;;;;
LIME - Biología Molecular;Cámara extractora de gases;152859;BIO-12247;NI;Carlos Afanador / Gonzalo Vasquez;Biologia Molecular (Extraccion);Esco;ADC-4E2;2014-88209;;BIO;Clase I;Certificación de No requiere 2014023125;;18/7/2014;UdeA;NI;900.026.709-0;CTL Company;No;N/A;Compra;Factura;000721;;SI;;SI;;SI;SI;Variable;;Si;1;Si;1 (Calificación);Velocidad de extracción;;0,1 m/s;;;;;;;;;
LIME - Biología Molecular;Centrífuga;92708;BIO-12248;18 - 270;Carlos Afandor / Sin responsable;Área centrífugas;Fisher Scientific;225;812N0525;;BIO;Clase I;Antes de 2009 - CIRCULAR EXTERNA Nº 1000-0085-18;;Año 1998;UdeA;NI;NI;Bio Products INC;No;N/A;Compra;NI;NI;;SI;SI;SI;;SI;SI;;;Si;2;Si;2;tiempo - velocidad;100 - 4750 rpm. Perilla 0 - 10/t perilla 0 - 60 min;vel 0,5 indicación/ t 1 min;5 a 10 - 800 a 2500 RPM;;;;;;;;
LIME - Biología Molecular;Microondas;LIME 252;Pendiente;;Katherine Palacio;Citogenomica (Preanalitica);LG;ms-0745v;712TAGH05527;;IND;N/A;N/A;;4/2/2008;UdeA;NI;NI;NI;No;N/A;Compra;Registro de importación;0520081000109556-7;;SI;SI;SI;;;;;;Si;1;No;N/A;;;;;;;;;;;;
LIME - Biología Molecular;Centrífuga refrigerada;150957;BIO-12249;18 - 270;Felipe Garcia / Gonzalo Vasquez;Biologia Molecular (Preparacion PCR);Eppendorf;5430R;5428CL117976;;BIO;Clase I;INVIMA 2014DM-0011801;;22/1/2014;UdeA;NI;860.000.580-0;Merck S.A;No;N/A;Compra;Factura;168266;;SI;;SI;;SI;SI;Anual;;Si;1;Si;1;Velocidad, Temperatura, tiempo;100 -17500rpm                                                               -11 a 40°C                                                                   30 s a 99:59 h, infinito;Hasta 5000 rpm incrementos de 10 rpm, en adelante 100 rpm           1°C                                                                                                              Hasta 10 min incrementos de 0,5 min, en adelante 1 min;4°C a 20°C               1 min a 15 min;;;;;;;;
LIME - Biología Molecular;Centrífuga refrigerada;117104;BIO-12250;18 - 270;Gloria Ramírez / Carlos Muñeton;Biologia Molecular (Extraccion);Sigma;3-16K;110639;;BIO;Clase I;INVIMA 2015DM-0012550;;16/6/2005;UdeA;2005;800.240.039-8;Sigma Laborzentrifugen                                            Anditécnica;No;N/A;Compra;Factura;2005-32874;;SI;SI;SI;;SI;SI;;;Si;2;Si;2;Temperatura                                           Tiempo                                                Velocidad;"T -10 a 40°C                                             0 - 30 min/funcionamiento continuo/
operación de corta duración                                        100 - 15300 rpm";1°C                                                                                                     1min                                                                                            100 rpm;18 a 22°C                                                          15 a 25 min                                                                     1200 a 14000 rpm;;;;;;;;
LIME - Biología Molecular;Dispensador volumétrico;156464;BIO-12253;12 - 160;Gloria Ramírez / Carla Restrepo;Biologia Molecular (Extraccion);Brand;Dispensette;04N77230;;BIO;Clase I;ACTA No. 08 Septiembre 11 de 2013 ;;2015;UdeA;NI;NI;NI;No;N/A;NI;NI;NI;;SI;;SI;;SI;SI;;;Si;1;Si;1;Volumen;1 - 10 ml;0,1 ml;;;;;;;;;
LIME - Biología Molecular;Dispensador volumétrico;56620;BIO-12254;12 - 160;Gloria Ramírez / Sin responsable;Procesamiento seccion B (Nevera);Brand;Dispensette;08Z6058;;BIO;Clase I;ACTA No. 08 Septiembre 11 de 2013 ;;28/6/2002;UdeA;NI;811.026.956-0;MR Y CIA S.A.S;No;N/A;Compra;Factura;000531;;SI;;SI;;SI;SI;;;Si;1;Si;1;Volumen;1 - 10 ml;0,1 ml;;;;;;;;;
LIME - Citogenómica;Incubadora;134788;BIO-12256;18 - 013;Gloria Garcia / Gloria Ramírez;Citogenomica (Preanalitica);Binder;BD53-UL;908707;;BIO;N/A;Certificación de No Requiere 2014010943;;24/11/2009;UdeA;NI;890.912.308-6;Laboratorios Ltda.;No;N/A;Compra;Factura;CR 00049421;;SI;;SI;;SI;SI;Anual;;Si;1;Si;1 (Calificación);Temperatura;"5 °C por 
encima de la temperatura ambiente - 100 °C";0,1 °C;36,5°C-37,5°C;;;;;;;;
LIME - Biología Molecular;Incubadora CO2;142028;BIO-12257;18 - 013;Carlos Afanador / Juan Carlos Herrera ;Biología Molecular (Cultivo);Binder;C-150;1013897;;BIO;N/A;Certificación de No Requiere 2014010943;;26/10/2011;UdeA;NI;900.026.709-0;Cesar Tabares L Y Cia Ltda.;No;N/A;Compra;Factura;0820;;SI;;SI;;SI;SI;Anual;;Si;1;Si;1 (Calificación);Temperatura y %CO2;"0 - 20% CO2 / 190 °C                                             7 °C por 
encima de la temperatura ambiente - 50 °C  (según manual)     ";0,1 °C;"4-6% CO2
36,5°C-37,5°C

";;;;;;;;
LIME - Biología Molecular;Micropipeta;61072;BIO-12259;15 - 166;Felipe Garcia / Gonzalo Vasquez;Biologia Molecular (Preparacion PCR);Nichiryo;Nichipet Ex Plus;H74015582;;BIO;Clase I;ACTA No. 09 Septiembre 17 de 2014;;1/12/2008;UdeA;NI;71.739.665-9;Gentech;No;N/A;Compra;Factura;5257;;SI;;SI;;SI;SI;;;Si;1;Si;1;Volumen;2 - 20 uL;;;;;;;;;;
LIME - Biología Molecular;Micropipeta;LIME 026;BIO-12258;15 - 166;Gloria Garcia;Biologia Molecular (Extraccion);Nichiryo;Nichipet Ex Plus;H69012012;;BIO;Clase I;ACTA No. 09 Septiembre 17 de 2014;;1/12/2008;UdeA;NI;71.739.665-9;Gentech;No;N/A;Compra;Factura;5257;$ 0;SI;;SI;;SI;SI;;;Si;1;Si;1;Volumen;100 - 1000 uL;1 uL;;;;;;;;;
LIME - Biología Molecular;Micropipeta;61073;BIO-12261;15 - 166;Felipe Garcia / Gonzalo Vasquez;Biologia Molecular (Preparacion PCR);Nichiryo;Nichipet Ex Plus;H63024742;;BIO;Clase I;ACTA No. 09 Septiembre 17 de 2014;;1/12/2008;UdeA;NI;71.739.665-9;Gentech;No;N/A;Compra;Factura;5257;;SI;;SI;;SI;SI;;;Si;1;Si;1;Volumen;20 - 200 uL;0,2 uL;;;;;;;;;
LIME - Biología Molecular;Micropipeta;LIME 025;BIO-12568;15 - 166;Gloria Garcia;Biologia Molecular (Electroforesis);Eppendorf;Research;347216Z;;BIO;Clase I;ACTA No. 09 Septiembre 17 de 2014;;3/12/2010;UdeA;NI;860.000.580-0;Merck S.A;No;N/A;Compra;Factura;69748;$ 630.267;SI;;SI;;SI;SI;;;Si;1;Si;1;Volumen;100 - 1000 uL;1 uL;;;;;;;;;
LIME - Biología Molecular;Micropipeta;LIME 020;BIO-12262;15 - 166;Katherine Palacio;Biologia Molecular (Electroforesis);Eppendorf;Research;362872Z;;BIO;Clase I;ACTA No. 09 Septiembre 17 de 2014;;3/12/2010;UdeA;NI;860.000.580-0;Merck S.A;No;N/A;Compra;Factura;69748;$ 630.267;SI;;SI;;SI;SI;;;Si;1;Si;1;Volumen;10 - 100 uL;0,1 uL;;;;;;;;;
LIME - Biología Molecular;Micropipeta;26159;BIO-12263;15 - 166;Katherine Palacio / Gonzalo Vasquez;Biologia Molecular (Electroforesis);Eppendorf;Research;355692Z;;BIO;Clase I;ACTA No. 09 Septiembre 17 de 2014;;3/12/2010;UdeA;NI;860.000.580-0;Merck S.A;No;N/A;Compra;Factura;69748;$ 630.267;SI;;SI;;SI;SI;;;Si;1;Si;1;Volumen;0,5 - 10 uL;0,01 uL;;;;;;;;;
LIME - Biología Molecular;Micropipeta;52658;BIO-12264;15 - 166;Gloria Garcia / Carlos Muñeton;Biologia Molecular (Extraccion);Gilson;Pipetman P2;R62321D;;BIO;Clase I;ACTA No. 09 Septiembre 17 de 2014;;NI;UdeA;NI;71.739.665-9;Gentech;No;N/A;NI;NI;NI;;SI;;SI;;SI;SI;;;Si;1;Si;1;Volumen;0,2 - 2 uL;0,002 uL;0,2-2;;;;;;;;
LIME - Biología Molecular;Micropipeta;57607;BIO-12266;15 - 166;Carlos Afanador / Carlos Muñeton;Biología Molecular (Cultivo);Gilson;Pipetman P100;W54808K;;BIO;Clase I;ACTA No. 09 Septiembre 17 de 2014;;NI;UdeA;NI;71.739.665-9;Gentech;No;N/A;NI;NI;NI;;SI;;SI;;SI;SI;;;Si;1;Si;1;Volumen;10 - 100 uL;0,2 uL;10-100;;;;;;;;
LIME - Biología Molecular;Micropipeta;55037;BIO-12268;15 - 166;Gloria Garcia / Carlos Muñeton;Biologia Molecular (Extraccion);Gilson;Pipetman P1000;T57419C;;BIO;Clase I;ACTA No. 09 Septiembre 17 de 2014;;NI;UdeA;NI;71.739.665-9;Gentech;No;N/A;NI;NI;NI;;SI;;SI;;SI;SI;;;Si;1;Si;1;Volumen;100 - 1000 uL;2 uL;100 - 1000 uL;;;;;;;;
LIME - Biología Molecular;Micropipeta;52660;BIO-12269;15 - 166;Carlos Afanador / Carlos Muñeton;Biología Molecular (Cultivo);Gilson;Pipetman P1000;R68263L;;BIO;Clase I;ACTA No. 09 Septiembre 17 de 2014;;NI;UdeA;NI;71.739.665-9;Gentech;No;N/A;NI;NI;NI;;SI;;SI;;SI;SI;;;Si;1;Si;1;Volumen;100 - 1000 uL;2 uL;100-1000;;;;;;;;
LIME - Biología Molecular;Micropipeta;52659;BIO-12267;15 - 166;Carlos Afanador / Carlos Muñeton;Biología Molecular (Cultivo);Gilson;Pipetman P100;R62517K;;BIO;Clase I;ACTA No. 09 Septiembre 17 de 2014;;NI;UdeA;NI;71.739.665-9;Gentech;No;N/A;NI;NI;NI;;SI;;SI;;SI;SI;;;Si;1;Si;1;Volumen;20 - 100 uL;0,2 uL;20-100;;;;;;;;
LIME - Biología Molecular;Micropipeta;29915;BIO-12270;15 - 166;Gloria Ramírez / Gonzalo Vasquez;Biologia Molecular (Preparacion PCR);Nichiryo;Nichipet Ex Plus;H07Y03311;;BIO;Clase I;ACTA No. 09 Septiembre 17 de 2014;;8/8/2012;UdeA;NI;71.739.665-9;Gentech;No;N/A;Compra;Factura;12191;;SI;;SI;;SI;SI;;;Si;1;Si;1;Volumen;0,1 - 2 uL;0,002 uL;;;;;;;;;
LIME - Biología Molecular;Micropipeta;58168;BIO-12271;15 - 166;Gloria Ramírez / Gloria Ramírez;Biología Molecular (Cultivo);Nichiryo;Nichipet Ex Plus;H5Z026962;;BIO;Clase I;ACTA No. 09 Septiembre 17 de 2014;;23/3/2006;UdeA;NI;71.739.665-9;Gentech;No;N/A;Compra;Factura;2048;;SI;;SI;;SI;SI;;;Si;1;Si;1;Volumen;0,5 - 10 uL;0,01 uL;0,5-10;;;;;;;;
LIME - Biología Molecular;Micropipeta;29844;BIO-12272;15 - 166;Felipe Garcia / Gonzalo Vasquez;Biologia Molecular (Preparacion PCR);Nichiryo;Nichipet Ex Plus;K08923281;;BIO;Clase I;ACTA No. 09 Septiembre 17 de 2014;;8/8/2012;UdeA;NI;71.739.665-9;Gentech;No;N/A;Compra;Factura;12191;;SI;;SI;;SI;SI;;;Si;1;Si;1;Volumen;0,5 - 10 uL;0,01 uL;0,5-10;;;;;;;;
LIME - Biología Molecular;Micropipeta;31069;BIO-12273;15 - 166;Felipe Garcia / Gonzalo Vasquez;Biologia Molecular (Preparacion PCR);Nichiryo;Nichipet Ex Plus;H72028592;;BIO;Clase I;ACTA No. 09 Septiembre 17 de 2014;;1/12/2008;UdeA;NI;71.739.665-9;Gentech;No;N/A;Compra;Factura;5257;;SI;;SI;;SI;SI;;;Si;1;Si;1;Volumen;0,5 - 10 uL;0,01 uL;0,5-10;;;;;;;;
LIME - Biología Molecular;Micropipeta;61070;BIO-12274;15 - 166;Felipe Garcia / Gonzalo Vasquez;Biologia Molecular (Preparacion PCR);Nichiryo;Nichipet Ex Plus;H69013262;;BIO;Clase I;ACTA No. 09 Septiembre 17 de 2014;;1/12/2008;UdeA;NI;71.739.665-9;Gentech;No;N/A;Compra;Factura;5257;;SI;;SI;;SI;SI;;;Si;1;Si;1;Volumen;10 - 100 uL;0,1 uL;10-100;;;;;;;;
LIME - Biología Molecular;Micropipeta;29914;BIO-12275;15 - 166;Gloria Garcia / Gonzalo Vasquez;Biologia Molecular (Extraccion);Nichiryo;Nichipet Premium;E12180251;;BIO;Clase I;ACTA No. 09 Septiembre 17 de 2014;;8/8/2012;UdeA;NI;71.739.665-9;Gentech;No;N/A;Compra;Factura;12191;;SI;;SI;;SI;SI;;;Si;1;Si;1;Volumen;100 - 1000 uL;1 uL;100-1000;;;;;;;;
LIME - Biología Molecular;Micropipeta;29916;BIO-12277;15 - 166;Gloria Ramírez / Gonzalo Vasquez;Biologia Molecular (Preparacion PCR);Nichiryo;Nichipet Ex Plus;H5Y017852;;BIO;Clase I;ACTA No. 09 Septiembre 17 de 2014;;8/8/2012;UdeA;NI;71.739.665-9;Gentech;No;N/A;Compra;Factura;12191;;SI;;SI;;SI;SI;;;Si;1;Si;1;Volumen;2 - 20 uL;0,02 uL;2 - 20 uL;;;;;;;;
LIME - Biología Molecular;Micropipeta;29917;BIO-12279;15 - 166;Felipe Garcia / Gonzalo Vasquez;Biologia Molecular (Preparacion PCR);Nichiryo;Nichipet Premium;E11Y82221;;BIO;Clase I;ACTA No. 09 Septiembre 17 de 2014;;8/8/2012;UdeA;NI;71.739.665-9;Gentech;No;N/A;Compra;Factura;12191;;SI;;SI;;SI;SI;;;Si;1;Si;1;Volumen;20 - 200 uL;0,2 uL;20-200;;;;;;;;
LIME - Biología Molecular;Micropipeta;29918;BIO-12278;15 - 166;Gloria Garcia / Gonzalo Vasquez;Biologia Molecular (Extraccion);Nichiryo;Nichipet Premium;E11Y82291;;BIO;Clase I;ACTA No. 09 Septiembre 17 de 2014;;8/8/2012;UdeA;NI;71.739.665-9;Gentech;No;N/A;Compra;Factura;12191;;SI;;SI;;SI;SI;;;Si;1;Si;1;Volumen;20 - 200 uL;0,2 uL;20 - 200 uL;;;;;;;;
LIME - Biología Molecular;Micropipeta;LIME 021;BIO-12280;15 - 166;Gloria Ramírez;Biologia Molecular (Electroforesis);Thermo Scientific;Finnipipette F2;PU08562;;BIO;Clase I;ACTA No. 09 Septiembre 17 de 2014;;18/7/2018;UdeA;NI;900.355.024-5;Equipos y Laboratorio;No;11/2019;Compra;Remisión;4799;;SI;SI;SI;;SI;SI;;;Si;1;Si;1;Volumen;20 - 200 uL;0,2 uL;;;;;;;;;
LIME - Biología Molecular;Micropipeta;LIME 022;BIO-12281;15 - 166;Gloria Ramírez;Biologia Molecular (Electroforesis);Thermo Scientific;Finnipipette F2;PU08512;;BIO;Clase I;ACTA No. 09 Septiembre 17 de 2014;;18/7/2018;UdeA;NI;900.355.024-5;Equipos y Laboratorio;No;11/2019;Compra;Remisión;4799;;SI;SI;SI;;SI;SI;;;Si;1;Si;1;Volumen;100 - 1000 uL;1 uL;;;;;;;;;
LIME - Biología Molecular;Micropipeta;LIME 019;BIO-12282;15 - 166;Gloria Ramírez;Biologia Molecular (Electroforesis);Thermo Scientific;Finnipipette F2;PU08617;;BIO;Clase I;ACTA No. 09 Septiembre 17 de 2014;;18/7/2018;UdeA;NI;900.355.024-5;Equipos y Laboratorio;No;11/2019;Compra;Remisión;4799;;SI;SI;SI;;SI;SI;;;Si;1;Si;1;Volumen;2 - 20 uL;0,02 uL;;;;;;;;;
LIME - Biología Molecular;Micropipeta;LIME 018;BIO-12283;15 - 166;Katherine Palacio;Biologia Molecular (Electroforesis);Thermo Scientific;Finnipipette F2;PU08537;;BIO;Clase I;ACTA No. 09 Septiembre 17 de 2014;;18/7/2018;UdeA;NI;900.355.024-5;Equipos y Laboratorio;No;11/2019;Compra;Remisión;4799;;SI;SI;SI;;SI;SI;;;Si;1;Si;1;Volumen;0,2 - 2 uL;0,002 uL;;;;;;;;;
LIME - Biología molecular;Microscopio;140985;BIO-12284;18 - 283;Gloria Ramírez / Claudia Cristancho;Citogenomica (Preanalitica);Carl Zeiss;Axio Scope A1;3333000778;;BIO;Clase I;INVIMA 2014DM-0011657;;5/7/2011;UdeA;NI;860.001.911-1;Kaika;No;N/A;Compra;Factura;2-0612;;SI;;SI;;SI;SI;;;Si;1;No;N/A;N/A;N/A;N/A;N/A;N/A;;;;;;;
LIME - Citogenómica;Microscopio;151420;BIO-12185;18 - 283;Gloria Ramírez / Gloria Ramírez;Citogenomica (Preanalitica);Carl Zeiss;AxioScope A1;3333001348;;BIO;Clase I;INVIMA 2014DM-0011657;;7/3/2014;UdeA;NI;860.001.911-1;Kaika;No;14/3/2015;Compra;Factura;2-07703;;SI;;SI;;SI;SI;;;Si;1;No;N/A;N/A;N/A;N/A;N/A;N/A;;;;;;;
LIME - Biología Molecular;Microscopio invertido;116832;BIO-12286;17 - 440;Katherine Palacio / Juan Carlos Herrera;Biologia Molecular (Extraccion);Nikon;TS100;301998;;BIO;Clase I;INVIMA 2013DM-0010750;;26/4/2005;UdeA;NI;860.000.648-2;Sanitas;No;N/A;Compra;Factura;00000032879;;SI;;SI;;SI;SI;;;Si;1;No;N/A;N/A;N/A;N/A;N/A;N/A;;;;;;;
LIME - Citogenómica;Microscopio Motorizado;143034;BIO-12287;15 - 044;Gloria Ramírez / Gloria Ramírez;Citogenomica (Captura y Analisis);Olympus;BX61;1H66518;;BIO;Clase I;Circular externa No. 500-8060-13;;14/3/2012;UdeA;NI;800.240.039-8;Anditécnica;No;19/3/2013;Compra;Factura;8099;;SI;;SI;;SI;SI;;;Si;1;No;N/A;N/A;N/A;N/A;N/A;N/A;;;;;;;
LIME - Citogenómica;Microscopio para fluorescencia;107718;BIO-12288;16 - 439;Gloria Ramírez / Claudia Cristancho;FISH (Captura y Analisis);Carl Zeiss;Axioskop 2 plus;3304805348;;BIO;Clase I;Antes de 2009 - CIRCULAR EXTERNA Nº 1000-0085-18;;25/7/2002;UdeA;NI;860.001.911-1;Kaika (Carl Zeiss);No;N/A;Compra;Factura;4010403665000;;SI;;SI;;SI;SI;;;Si;1;No;N/A;N/A;N/A;N/A;N/A;N/A;;;;;;;
LIME - Biología Molecular;Nevera;164184;Pendiente;17 - 157;Gloria Ramírez / Gloria Ramírez;Procesamiento Seccion B;Thermo Scientific;MR25SS-GAEE-TS;158469001160503;;IND;N/A;ACTA No. 10 Noviembre 11 de 2015. Factura anterior a periodo de transitoriedad;;13/7/2016;UdeA;NI;900.355.024-5;Equipos y Laboratorio;No;N/A;Compra;Factura;C8200;;SI;SI;SI;;SI;;;;Si;2;Si;2;Temperatura;1 - 12 °C;0,1 °C;2°c a 8°C;;;;;;;;
LIME - Microbiología;Microscopio;150091;BIO-12289;18 - 283;Carolina Rosero / Carolina Rosero;Microbiología 2;Carl Zeiss;Primo Star;3119000744;;BIO;Clase I;INVIMA 2014DM-0011657;;22/10/2013;UdeA;NI;860.001.911-1;Kaika;No;N/A;Compra;Factura;2-6604;;SI;;SI;;SI;SI;;;Si;1;No;N/A;N/A;N/A;N/A;N/A;N/A;;;;;;;
LIME - Biología Molecular;Minicentrifuga;LIME 247;BIO-12291;NI;Gloria Ramírez;Biologia Molecular (Preparacion PCR);Thermo Scientific;MySpin 6;HSF53543;;BIO;;;;NI;UdeA;NI;NI;NI;No;N/A;NI;NI;NI;;SI;;SI;;SI;NR;NR;;No;NR;No;N/A;;6000 rpm Aprox. (Con rotor completamente cargado);;;;;;;;;;
LIME - Citogenómica;Minicentrifuga;171070;BIO-12292;NI;Gloria Ramírez / Gonzalo Vasquez;FISH (Preanalitica);Labnet;C1301;17111282;;BIO;;;;18/1/2018;UdeA;11/2017;900.754.314 -8;Gentech;No;01/2019;Compra;Factura;5498;;SI;SI;SI;;SI;SI;;;Si;1;No;N/A;Velocidad;6000 rpm;Swiche encendido apagado;;;;;;;;;
LIME - Biología Molecular;NanoDrop;150958;BIO-12294;15 - 601;Katherine Palacio / Gonzalo Vasquez;Biologia Molecular (Extraccion);Thermo Scientific;ND 2000;J088;;BIO;N/A;Certificación No requiere 2011016707;;4/2/2014;UdeA;NI;830.034.233-7;AM LTDA.;No;N/A;Compra;Factura;6322;;SI;;SI;;SI;;;;Si;1;No;N/A;;;;;;;;;;;;
LIME - Biología Molecular;Pipeteador;305890200;BIO-12296;15 - 663;Gloria Garcia / Juan Carlos Herrera;Citogenomica (Preanalitica);Drummond Scientific Co;PIPET-AID;P-77233;;BIO;Clase I;ACTA No. 09 Septiembre 17 de 2014;;25/7/2005;UdeA;NI;811.026.956-0;MR Y CIA S.A.S;No;N/A;Compra;Factura;005707;;SI;;SI;;SI;SI;;;Si;1;No;N/A;N/A;N/A;N/A;N/A;N/A;;;;;;;
LIME - Biología Molecular;Pipeteador;92705;BIO-12297;15 - 663;Carlos Afanador / Nora Durango;Biología Molecular (Cultivo);Brand;Accujet Pro;06J98708;;BIO;Clase I;ACTA No. 09 Septiembre 17 de 2014;;1998;UdeA;NI;NI;NI;No;N/A;NI;NI;NI;;SI;;SI;;SI;SI;;;Si;1;No;N/A;N/A;N/A;N/A;N/A;N/A;N/A;N/A;N/A;N/A;N/A;N/A;N/A
LIME - Biología Molecular;Sistema de electroforesis (Fuente de poder y 2 camaras de electroforesis);Pendiente;BIO-12255;15 - 138;Katherine Palacio;Biologia Molecular (Electroforesis);BioRad;Power Pac 300;282BR07275;;BIO;N/A;No es considerado dispositivo médico;;18/8/2010;UdeA;NI;900.754.314 -8;Gentech;No;N/A;Compra;Factura;NI;;SI;;SI;;SI;;;;Si;1;No;N/A;Voltaje;10 - 300 V;1 V;N/A;;;;;;;;
LIME - Biología Molecular;Termociclador;94998;BIO-12298;NI;Enderson Murillo / Carlos Muñeton;Biología Molecular (Post PCR);PE Applied Biosystem;PCR System 9700;805S8090355;;BIO;Clase IIa;Antes de 2009 - CIRCULAR EXTERNA Nº 1000-0085-18;;1998;UdeA;NI;NI                                                        811.001.992-8;PE Biosystems / Perkin Elmer                                                  DLO Químicos;No;N/A;Compra;Factura;706;;SI;SI;SI;SI;SI;SI;;;No;N/A;No;N/A;temperatura, tiempo;0 - 100 °C;0,1 °C;4 a 95°C, 30 seg a 5 minutos;;;;;;;;
LIME - Biología Molecular;Termociclador;142346;BIO-12299;NI;Katherine Palacio / gonzalo Vasquez;Cromatografía líquida;Applied Biosystems;7500 Fast;275014081;;BIO;Clase IIa;INVIMA 2011DM-0006957;;22/11/2011;UdeA;09/2011;NI;Applied Biosystems;No;N/A;Compra;Factura;76566279;;SI;SI;SI;SI;SI;SI;Variable;;Si;1;No;N/A;Temperatura;;4 - 100°C;;;;;;;;;
LIME - Biología Molecular;Termociclador ;178490;BIO-12300;NI;Enderson Murillo / Gonzalo Vasquez;Cromatografía líquida;Thermo Scientific;4483636;2978018010307;;BIO;Clase IIa;INVIMA 2015DM-0013202;;6/4/2018;UdeA;2/1/2018;900.355.024-5;Equipos y Laboratorio;No;N/A;Compra;Factura;C12218;;SI;SI;SI;;SI;SI;;;Si;1;Si;1;Temperatura                                     Volumen PCR;0 - 100°C                                                    10 - 80 uL;;;;;;;;;;
LIME - Atención de Pacientes;Termómetro;LIME 083;BIO-12569;17- 436;Enith Knuth;Microbiología 1;Halthen;SH144;7739;;BIO;N/A;ACTA No. 07 Junio 10 de 2009;;2016;UdeA;NI;NI;NI;No;N/A;NI;NI;NI;;SI;;;;SI;SI;;;No;N/A;Si;1;Temperatura;"Temp interior: -10 ° C a 50 ° C/ 14°F a 122°F
Temp exterior: -50 ° C a 70 ° C/-58°F a 158°F";0,1°C/°F;;;;;;;;;
LIME - Citogenómica;Thermobrite;157877;BIO-12304;NI;Gloria Ramírez / Gloria Ramírez;FISH (Preanalitica);Leica;S500-12;150305732;;BIO;N/A;Certificación No Requiere 2010020841;;15/9/2015;UdeA;NI;860.002.134-8;Abbott;No;N/A;Compra;Factura;1690302723;;SI;;SI;;SI;SI;;;Si;1;Si;1;Temperatura                    Tiempo;30 - 99 °C                                                                  00:00 - 99:59 h:min;0,1 °C / 1 min;;;;;;;;;
LIME - Biología Molecular;Ultracongelador;162290;BIO-16728;15 - 583;Katherine Palacio / Gloria Ramírez;Cuarto frío;Thermo Scientific;TSU600A;148341501151209;;BIO;N/A;ACTA No. 10 Noviembre 11 de 2015. Factura anterior a periodo de transitoriedad;;1/2/2016;UdeA;NI;900.355.024-5;Equipos y Laboratorio;No;N/A;Compra;Factura;C7270;;SI;SI;SI;;SI;;Variable;;Si;1;Si;1 (Calificación);Temperatura;;;(-)75°c a (-)86°C;;;;;;;;
LIME - Citogenómica;UPS;175014;Pendiente;NT;Gloria Ramírez / Gonzalo Vasquez;FISH (Captura y Analisis) - ( Computador - Microscopio 143034 Impresora 178959);CDP;UPO 11-2ATM;160721-1390077/8 58277 00139;;IND;N/A;N/A;;7/8/2017;UdeA;7/8/2019;15241257-4;Jairo Florez C;No;N/A;Compra;Factura;JFC7435;;SI;;SI;;;;;;Si;1;No;N/A;N/A;N/A;N/A;N/A;N/A;;;;;;;
LIME - Biología Molecular;UPS;143908;Pendiente;NT;Enderson Murillo / Gonzalo Vasquez;Cromatografia Liquida - (Termociclador 7500 Fast);FENTON;KR2000;B202H3465C1F;;IND;N/A;N/A;;25/7/2012;UdeA;NI;900.062.253-7;UPS Alfatec soporte y tecnología S.A.;No;N/A;Compra;Factura;4295;;SI;;;;;;;;Si;1;No;N/A;N/A;N/A;N/A;N/A;N/A;;;;;;;
LIME - Citogenómica;UPS;175015;Pendiente;NT;Gloria Ramírez / Gonzalo Vasquez;Citogenomica (Preanalitica) - (Computadores 151831-178562 Microscopio 151420);CDP;UPO 11-2ATM;160721-1390079;;IND;N/A;N/A;;7/8/2017;UdeA;7/8/2019;15241257-4;Jairo Florez C;No;N/A;Compra;Factura;JFC7435;;SI;;SI;;;;;;Si;1;No;N/A;N/A;N/A;N/A;N/A;N/A;;;;;;;
LIME - Citogenómica;UPS;180734;Pendiente;NT;Gloria Ramírez / Gonzalo Vasquez;"FISH (Captura y Analisis) - ( Computador 26600 
Microscopio 107718)";CDP;UPO 11-2ATM;171115-1390523;;IND;N/A;N/A;;15/1/2019;UdeA;15/1/2020;900.900.111-6;Tech Soluciones S.A.S;No;N/A;Compra;Factura;3766;;SI;;SI;;;;;;Si;1;No;N/A;N/A;N/A;N/A;N/A;N/A;;;;;;;
LIME - Biología Molecular;UPS;180733;Pendiente;NT;Gloria Ramírez / Gonzalo Vasquez;Citogenomica (Preanalitica) - (Computadores 178270 y 178271);CDP;UPO 11-2ATM;171115-1390527;;IND;N/A;N/A;;15/1/2019;UdeA;15/1/2020;900.900.111-6;Tech Soluciones S.A.S;No;N/A;Compra;Factura;3766;;SI;;SI;;;;;;Si;1;No;N/A;N/A;N/A;N/A;N/A;N/A;;;;;;;
LIME - Farmacología y Toxicología;UPS;145576;Pendiente;NT;Andres Hincapie / Claudia Cristancho;"Cromatografia Liquida - (HPLC
Ultimate 3000)";TRIPP-LITE;2200vs;AGSM2200MJR31;;IND;N/A;N/A;;NI;UdeA;NI;NI;NI;No;N/A;Compra;NI;NI;;SI;;;;;;;;Si;1;No;N/A;N/A;N/A;N/A;N/A;N/A;;;;;;;
LIME - Biología Molecular;UPS;LIME 251;Pendiente;NT;Katherine Palacio;Biologia Molecular (Post PCR) - (Analizador genetico);Magom;MG-3000; E180600036;;IND;N/A;N/A;;2018;UdeA;NI;900.062.253-7;UPS Alfatec soporte y tecnología S.A.;No;N/A;Compra;NI;NI;;SI;;SI;;;;;;Si;1;No;N/A;N/A;N/A;N/A;N/A;N/A;;;;;;;
LIME - Biología Molecular;Timer sencillo;LIME 063; BIO-12305;14 - 053;Carlos Afanador ;Biología Molecular (Cultivo);FISHER SCIENTIFIC;N/I;N/I;;BIO;N/A;ACTA No. 03 Abril 10 de 2013;;28/9/2011;;NI;800.160.884-1;Filtración y análisis S.A.S;No;N/A;Compra;Factura;100270;$ 143.840;SI;;;;;SI;;;No;N/A;No;N/A;Tiempo;59:59,99 min:s,00;1 s,00;;;;;;;;;
LIME - Biología Molecular;Timer sencillo;LIME 066;BIO-12306;14 - 053;Gloria Garcia;Biologia Molecular (Extraccion);FISHER SCIENTIFIC;N/I;N/I;;BIO;N/A;ACTA No. 03 Abril 10 de 2013;;2/8/2011;;NI;800.160.884-1;Filtración y análisis S.A.S;No;N/A;Compra;Factura;98596;$ 143.840;SI;;;;;SI;;;No;N/A;Si;1;Tiempo;59:59,99 min:s,00;1 s,00;;;;;;;;;
LIME - Citogenómica;Timer 3 canales;LIME 060;BIO-16277;14 - 053;Gloria Ramírez;FISH (Preanalitica);Traceable;5008;200287405;;BIO;N/A;ACTA No. 03 Abril 10 de 2013;;7/10/2020;;NI;811.026.956-0;MR Y CIA S.A.S;No;N/A;Compra;Factura - Remisión;997;$ 202.300;SI;;SI (ING);;;;;;No;N/A;Si;1;Tiempo;99:59:59 h:min:s;;;;;;;;;;
LIME - Citogenómica;Timer 3 canales;LIME 059;BIO-16278;14 - 053;Gloria Garcia;Citogenomica (Preanalitica);Traceable;5008;200287314;;BIO;N/A;ACTA No. 03 Abril 10 de 2013;;7/10/2020;;NI;811.026.956-0;MR Y CIA S.A.S;No;N/A;Compra;Factura - Remisión;997;$ 202.300;SI;;SI (ING);;;;;;No;N/A;Si;1;Tiempo;99:59:59 h:min:s;;;;;;;;;;
LIME - Citogenómica;Timer 4 canales;LIME 142;BIO-12307;14 - 053;Gloria Ramírez;FISH (Preanalitica);ALLA FRANCE;N/I;N/I;;BIO;N/A;ACTA No. 03 Abril 10 de 2013;;2018;;NI;NI;NI;No;N/A;NI;NI;NI;;SI;;SI (Ficha técnica);;SI;SI;;;No;N/A;No;N/A;Tiempo;59:59,99 min:s,00;1 s,00;;;;;;;;;
LIME - Citogenómica;Timer 4 canales;LIME 061;BIO-12308;14 - 053;Gloria Garcia;Citogenomica (Preanalitica);VWR;870A;80228705;;BIO;N/A;ACTA No. 03 Abril 10 de 2013;;2017;;NI;NI;NI;No;N/A;NI;NI;NI;;SI;;;;SI;SI;;;No;N/A;No;N/A;Tiempo;59:59,99 min:s,00;1 s,00;;;;;;;;;
LIME - Biología Molecular;Transiluminador (FOTODOCUMENTADOR DE IMÁGENES);130985;BIO-12309;14 - 130;Katherine Palacio / Carlos Muñeton;Citogenomica (Preanalitica);UVP;Biodoc-It LM-20;112008-002;;BIO;Clase I;ACTA No. 05 Junio 12 de 2019 (Indica que si es considerado dispositivo médico);;15/1/2009;UdeA;NI;800.240.039-8;UVP                                                                                                      Anditécnica;No;N/A;Compra;Factura;158542;;SI;SI;SI;;SI;SI;;;Si;1;No;N/A;N/A;N/A;N/A;N/A;N/A;;;;;;;
LIME - Biología Molecular;Cámara de electroforesis;189560;BIO-16730;18 - 548;Katherine Palacio / Andres Zuluaga;Biologia Molecular (Electroforesis);Thermo Scientific;OWL EASYCAST B2-BP (7316);300504787;;BIO;N/A;No es considerado dispositivo médico;;9/2/2022;UdeA;NI;900.355.024-5;Equipos y laboratorio;Si;9/2/2023;Compra;Factura;FE7279;;SI;SI;SI (ingles);;;;;;Si;1;No;N/A;N/A;N/A;N/A;N/A;N/A;1 - 150 VDC;0 - 100 mA;;;245 x 180 x 95 mm;;
LIME - Citogenómica;Congelador;189561;Pendiente;15 - 583;Gloria Ramírez / Andres Zuluaga;Citogenomica (Preanalitica);Thermo Scientific;TSG Series - GTTSG25FSSA;300498563;;IND;N/A;N/A;;9/2/2022;UdeA;;900.355.024-5;Equipos y laboratorio;Si;9/2/2023;Compra;Factura;FE7279;;SI;SI;;;;;;;Si;1;Si;1 (Calificación);Temperatura  ;T -12 a -24 °C          ;NI;NI;NI;115 V;7,8 A;NI;NI;857,3 x 762 x 2082,8 mm;234kg;Frecuencia 60 Hz Capacidad 750 L
LIME - Biología Molecular;Secuenciador;188717;BIO-16729;NI;Enderson Murillo / Andres Zuluaga;Biología Molecular (Post PCR);illumina;MiSeq (REF: SY-410-1003);DM-007902;;BIO;N/A;CERTIFICACIÓN No requiere No. 2020030408;;Factura 25/01/2022 Instalación 22/02/2022;UdeA;NI;830.025.281-2;ANNAR;Si;;Compra;Factura;FV97700;;SI;SI;Ficha técnica;;;;;;Si;2;No;N/A;N/A;N/A;N/A;N/A;N/A;100 - 240 VAC;10 A;20 - 80 %HR;19 - 25 °C;68,6 × 56,5 × 52,3 cm;57,2kg;Frecuencia 50/60 Hz Potencia 400 W
LIME - Biología Molecular;UPS;188717-1;Pendiente;;Enderson Murillo / Andres Zuluaga;Biologia Molecular (Post PCR) - (Secuenciador);CDP;;2109134750431;;IND;;;;;UdeA;;;;;;;;;;;;;;;;;;Si;1;No;N/A;;;;;;;;;;;;
LIME - Biología Molecular;Micropipeta;LIME 024;BIO-16731;15 - 166;Gloria Garcia;Biologia Molecular (Extraccion);Corning;Lambda Plus;958240076;;BIO;Clase I;ACTA No. 09 Septiembre 17 de 2014;;2020;UdeA;;;;;;Compra;;;;SI;;SI (inglés);;;;;;Si;1;Si;1;Volumen;10 - 100 uL;NI;NI;NI;N/A;N/A;N/A;N/A;N/A;N/A;N/A
LIME - Biología Molecular;Micropipeta;LIME 023;BIO-16732;15 - 166;Gloria Garcia;Biologia Molecular (Extraccion);Corning;Lambda Plus;858221832;;BIO;Clase I;ACTA No. 09 Septiembre 17 de 2014;;2020;UdeA;;;;;;Compra;;;;SI;;SI (inglés);;;;;;Si;1;Si;1;Volumen;0,5 - 10 uL;NI;NI;NI;N/A;N/A;N/A;N/A;N/A;N/A;N/A
LIME - Biología Molecular;Micropipeta multicanal;LIME 029;BIO-16733;15 - 166;Gloria Ramírez;Biología Molecular;Nichiryo;Nichipet EXII MULTI;K21X31921;;BIO;Clase I;ACTA No. 09 Septiembre 17 de 2014;;Fecha de recepción 08/03/2022 ;UT LIME;NI;900.754.314-8;Gentech;;;Compra;Factura;GEN-3284;$ 3.521.508;SI;;SI (inglés);;;;;;Si;1;Si;1;Volumen;0,5 - 10 uL              (12 canales);NI;NI;NI;N/A;N/A;N/A;N/A;N/A;N/A;N/A
LIME - Biología Molecular;Micropipeta multicanal;LIME 030;BIO-16734;15 - 166;Gloria Ramírez;Biología Molecular (Cultivo);Nichiryo;Nichipet EXII MULTI;K16604411;;BIO;Clase I;ACTA No. 09 Septiembre 17 de 2014;;14/01/2021;UT LIME;NI;900.754.314-8;Gentech;;;Compra;Factura;GEN-1779;$ 3.022.957;SI;;SI (inglés);;;;;;Si;1;Si;1;Volumen;0,5 - 10 uL              (8 canales);NI;NI;NI;N/A;N/A;N/A;N/A;N/A;N/A;N/A
LIME - Biología Molecular;Fuente de poder ;189560;BIO-16735;18 - 559;Katherine Palacio / Andres Zuluaga;Biologia Molecular (Electroforesis);Cleaver scientific;POWERPRO-300;210914035;;BIO;N/A;No es considerado dispositivo médico;;;UdeA;;900.355.024-5;Equipos y laboratorio;;;Compra;;;;SI;SI;SI (físico y digital inglés);;;;;;Si;1;No;N/A;Voltaje          Corriente    Potencia;5 - 300VDC              1 - 700mA           150W;1VDC                 1mA;NI;NI;100 - 240 VAC;NI;Máx. 95%HR;4 - 40 °C;215 x 335 x 104 mm;2,1 kg;Frecuencia 47 - 60 Hz Potencia 200 W
LIME - Biología Molecular;Micropipeta;385663K;BIO-16736;15 - 166;Gloria Ramírez / Andres Zuluaga;Citogenomica (Preanalitica);USA SCIENTIFIC;ErgoOne (referencia: 7100-0510);385663K;;BIO;Clase I;ACTA No. 09 Septiembre 17 de 2014;;Fecha de recepción 26/04/2022;UdeA;NI; 830.508.200-1;Suministros clinicos isla S.A.S;;;Compra;Remisión de entrega;8512;;SI;;SI (físico y digital);SI (apartado en manual de usuario);;;Anual;;Si;1;Si;1;Volumen;0,5 - 10 uL;NI;NI;NI;N/A;N/A;N/A;N/A;N/A;N/A;N/A
LIME - Biología Molecular;Micropipeta;384603K;BIO-16737;15 - 166;Katherine Palacio / Andres Zuluaga;Biologia Molecular (Electroforesis);USA SCIENTIFIC;ErgoOne (referencia: 7100-0220);384603K;;BIO;Clase I;ACTA No. 09 Septiembre 17 de 2014;;Fecha de recepción 26/04/2022;UdeA;NI; 830.508.200-1;Suministros clinicos isla S.A.S;;;Compra;Remisión de entrega;8512;;SI;;SI (físico y digital);SI (apartado en manual de usuario);;;Anual;;Si;1;Si;1;Volumen;2 - 20 uL;NI;NI;NI;N/A;N/A;N/A;N/A;N/A;N/A;N/A
LIME - Biología Molecular;Micropipeta;382521K;BIO-16738;15 - 166;Katherine Palacio / Andres Zuluaga;Biologia Molecular (Electroforesis);USA SCIENTIFIC;ErgoOne (referencia: 7100-2200);382521K;;BIO;Clase I;ACTA No. 09 Septiembre 17 de 2014;;Fecha de recepción 26/04/2022;UdeA;NI; 830.508.200-1;Suministros clinicos isla S.A.S;;;Compra;Remisión de entrega;8512;;SI;;SI (físico y digital);SI (apartado en manual de usuario);;;Anual;;Si;1;Si;1;Volumen;20 - 200 uL;NI;NI;NI;N/A;N/A;N/A;N/A;N/A;N/A;N/A
LIME - Biología Molecular;Micropipeta;276798K;BIO-16739;15 - 166;Katherine Palacio / Andres Zuluaga;Biologia Molecular (Electroforesis);USA SCIENTIFIC;ErgoOne (referencia: 7110-1000);276798K;;BIO;Clase I;ACTA No. 09 Septiembre 17 de 2014;;Fecha de recepción 26/04/2022;UdeA;NI; 830.508.200-1;Suministros clinicos isla S.A.S;;;Compra;Remisión de entrega;8512;;SI;;SI (físico y digital);SI (apartado en manual de usuario);;;Anual;;Si;1;Si;1;Volumen;100 - 1000 uL;NI;NI;NI;N/A;N/A;N/A;N/A;N/A;N/A;N/A
LIME - Biología Molecular;Micropipeta;388036K;BIO-16740;15 - 166;Carlos Afanador / Andres Zuluaga;Citogenomica (Preanalitica);USA SCIENTIFIC;ErgoOne (referencia: 7100-0125);388036K;;BIO;Clase I;ACTA No. 09 Septiembre 17 de 2014;;Fecha de recepción 26/04/2022;UdeA;NI; 830.508.200-1;Suministros clinicos isla S.A.S;;;Compra;Remisión de entrega;8512;;SI;;SI (físico y digital);SI (apartado en manual de usuario);;;Anual;;Si;1;Si;1;Volumen;0,1 - 2,5 uL;NI;NI;NI;N/A;N/A;N/A;N/A;N/A;N/A;N/A
LIME - Biología Molecular;Microcentrífuga;190336;BIO-16741;NI;Gloria Garcia / Andres Zuluaga;Biologia Molecular (Extraccion);USA SCIENTIFIC;IR-110 (referencia 2641-0016);076099;;BIO;;;;Fecha de recepción 26/04/2022;UdeA;NI; 830.508.200-1;Suministros clinicos isla S.A.S;;;Compra;Remisión de entrega;8512;;SI;;Guía de instrucciones - inglés;;;;;;Si;1;No;N/A;Velocidad;6000 rpm;Fijo;N/A;NI;110 VAC;NI;NI;NI;NI;NI;NI
LIME - Biología Molecular;Microcentrífuga;190337;BIO-16742;NI;Felipe Garcia / Andres Zuluaga;Biologia Molecular (Preparacion PCR);USA SCIENTIFIC;IR-110 (referencia 2641-0016);076472;;BIO;;;;Fecha de recepción 26/04/2022;UdeA;NI; 830.508.200-1;Suministros clinicos isla S.A.S;;;Compra;Remisión de entrega;8512;;SI;;Guía de instrucciones - inglés;;;;;;Si;1;No;N/A;Velocidad;6000 rpm;Fijo;N/A;NI;110 VAC;NI;NI;NI;NI;NI;NI
LIME - Biología Molecular;Mezclador ;190338;BIO-16743;15 - 161;Gloria Garcia / Andres Zuluaga;Citogenomica (Preanalitica);USA SCIENTIFIC;HC 9201;9201KK002200;;BIO;;;;Fecha de recepción 26/04/2022;UdeA;NI; 830.508.200-1;Suministros clinicos isla S.A.S;;;Compra;Remisión de entrega;8512;;SI;;SI (físico y digital inglés);;;;;;Si;1;Si;1;Temperatura Velocidad            Tiempo;10 - 99 °C               300 - 1500 rpm      1 min a 99:59 horas    ;NI;NI;NI;100 - 240 VAC;NI;Máx. 70%HR;4 - 30 °C;220 x 250 x 125 mm;3,2 kg;Frecuencia 50-60 Hz Potencia 90 W
LIME - Biología Molecular;Agitador vórtex;190331;BIO-16744;15 - 651;Felipe Garcia / Andres Zuluaga;Biologia Molecular (Preparacion PCR);Heidolph;REAX TOP;200437969;;BIO;N/A;ACTA No. 03 Abril 10 de 2013 ;;Fecha de recepción 23/05/2022;UdeA;29/04/2021;811.026.956-0;MR Y CIA S.A.S;;;Compra;Factura;MRE 15468;;;;;;;;;;No;NR;No;N/A;;;;;;;;;;;;
LIME - Biología molecular;Fluorometro Qubit;136693;BIO-16745;NI;Katherine Palacio / Gonzalo Vasquez;Biologia Molecular (Electroforesis);Invitrogen;Q32857;45261-337;;BIO;;;;;UdeA;;;;;;;;;;;;;;;;;;Si;1;No;N/A;;;;;;9 VDC;0,56 A;NI;15 - 40°C;11,4 × 16,6 x 4,6 cm;219 g;N/A
LIME - BSL3;Rotoevaporador con bomba;188441;BIO-16746;NI;Ivone Jimenez / Andres Zuluaga;Procesamiento Seccion B;heidolph;Hei-Vap Expert / Ult. HL Base;200473612;;BIO;;;;14/12/2021;UdeA;7/10/2021;811.026.956-0;MR Y CIA S.A.S;Si;;Compra;Factura;MRE14573;;SI;;SI (físico y digital inglés);;;;;;SI;1;No;N/A;Velocidad;10 - 280 rpm;;;;115 V;;;;;;Frecuencia 50/60 Hz Potencia 1400 W
LIME - BSL3;Dispensador volumétrico;172837;BIO-16747;11 - 285;Ivone Jimenez / Andres Zuluaga;BSL3 (Procesamiento);Brand;Dispensette S (Referencia 4600131);21K60579;;BIO;Clase I;ACTA No. 08 Septiembre 11 de 2013 ;;14/12/2021;UdeA;14/10/2021;811.026.956-0;MR Y CIA S.A.S;Si;;Compra;Factura;MRE14573;;SI;;SI (físico y digital);;;;;;Si;1;Si;1;Volumen;0,5 - 5 ml;NI;NI;NI;N/A;N/A;N/A;N/A;N/A;N/A;N/A
LIME - BSL3;Ultracongelador;188716;BIO-16748;15 - 583;Carolina Rosero / Andres Zuluaga;BSL3 (Procesamiento);Thermo Fisher Scientific;TDE50086LA;1124393601211026;;BIO;Clase IIa;INVIMA 2020DM-0021938;;9/2/2022;UdeA;26/10/2021;900.355.024-5;Equipos y laboratorio;Si;9/2/2023;Compra;Factura;FE7279;;SI;SI;;;;;;;Si;1;Si;1 (Calificación);Temperatura;;;;;115 V;16,7 A;;;;;
LIME - BSL3;Balanza Analítica;189604;BIO-16749;18 - 449;Ivone Jimenez / Andres Zuluaga;BSL3 (Procesamiento);ViBRA;HT224CEN;215022050;;BIO;Clase I;ACTA No. 07 Junio 10 de 2009;;18/11/2021;UdeA;NI;811.026.956-0;MR Y CIA S.A.S;;;Compra;Factura;MRE14352;;SI;SI;SI (físico inglés);;;;;;Si;1;Si;1;Peso;0,01 - 220 g;NI;NI;NI;Adaptador entreda            100 - 240 VAC                      salida 12VDC;NI;Máx. 80%HR;10 - 30 °C;213 x 314 x 395,3 mm (Ancho x Alto x Profundo);2,5kg;Frecuencia 50 - 60 Hz
LIME - BSL3;Plancha de calentamiento y agitación;188442;BIO-16750;15 - 651;Ivone Jimenez / Andres Zuluaga;BSL3 (Procesamiento);Corning;PC-620D;153821147132;;BIO;N/A;ACTA No. 03 Abril 10 de 2013 ;;18/11/2021;UdeA;;811.026.956-0;MR Y CIA S.A.S;;;Compra;Factura;MRE14352;;SI;SI;SI (físico inglés);;;;;;Si;1;Si;1;Velocidad  Temperatura;60 - 1150 rpm       5 - 550 °C;Variable;NI;NI;120 VAC;9,3 A;máx. 80%HR para temp. hasta 31°C, disminuyendo linealmente al 50%HR a 40°C;5 - 40 °C;11,75 x 19,7 x 39,05 cm;5,2kg;Frecuencia 60 Hz Potencia 1113 W
LIME - BSL3;Nevera;190345;Pendiente;13 - 315;Ivone Jimenez / Andres Zuluaga;BSL3 (Procesamiento);Infrico Medcare;LTR65SD;3000617280;;IND;N/A;N/A;;;UdeA;24/11/2021;;;;;Compra;;;;SI;;Ficha técnica;;;;;;Si;1;Si;1 (Calificación);Temperatura;2 - 8 °C;NI;NI;NI;115 V;3,5 A;NI;NI;687 x 853 x 1955 mm;165kg;Frecuencia 60 Hz Potencia 304 W
LIME - BSL3;Autoclave;190344;BIO-16751;NI;Ivone Jimenez / Andres Zuluaga;BSL3 (Procesamiento);Astell;AMB240C70;CLBN53731;;BIO;;;;Fecha de rcepción 18/04/2022;UdeA;04/2021;800.154-351-3;Blamis;Si;;Compra;;;;SI;;SI (inglés);;;;Variable;;Si;1;Si;1;Temperatura             Presión              ;100 - 138 °C                   0,2 - 2,4 bar                ;NI;NI;NI;220/240 VAC;12A;Máx. 75%HR;0 - 40 °C;520 x 1005 x 600 mm;aprox. 105kg;Frecuencia 50/60 Hz Potencia 3 Kva Capacidad 63 L
LIME - BSL3;Baño de agua de precisión con agitación;190334;BIO-16752;16 - 772;Carolina Rosero / Andres Zuluaga;Microbiología 2;Thermo Scientific;TSSWB15;300508751;;BIO;N/A;No requiere (como se indica en la declaración de importación no es considerado dispositivo médico) ;;Fecha de recepción 20/04/2022;UdeA;;900.355.024-5;Equipos y laboratorio;Si;20/4/2023;Compra;;;;SI;SI (mirar tema de series);SI (inglés);;;;;;Si;1;Si;1;Temperatura  Velocidad de agitación;Temp. Ambiente a 100°C                       0 - 200 rpm;NI;NI;NI;100-115 VAC         200 - 230 VAC;9,8 A                   4,9 A;Máx. 80%HR;15 - 45 °C;292 x 305 x 165 mm;22 kg;Frecuencia 50-60 Hz
LIME - BSL3;Cabina de bioseguridad;190342;BIO-16753;NI;Carolina Rosero / Andres Zuluaga;BSL3 (Procesamiento);Thermo Scientific;1323;300492241;;BIO;Clase I;No requiere;;Fecha de recepción 09/05/2022;UdeA;;900.355.024-5;Equipos y laboratorio;;;Compra;;;;;;;;;;;;Si;1;Si;1 (Calificación);;;;;;120 VAC;8 A;;;;;Frecuencia 50/60 Hz Potencia 0,40 KW
LIME - BSL3;Incubadora CO2  ;190343;BIO-16754;18 - 013;Ivone Jimenez / Andres Zuluaga;BSL3 (Procesamiento);Thermo Scientific;HERACELL VIOS 160i (Referencia: 51033537);42833675;;BIO;N/A;No es considerado dispositivo médico;;Fecha de recepción 09/05/2022;UdeA;;900.355.024-5;Equipos y laboratorio;;;Compra;;;;;;;;;;;;Si;1;Si;1 (Calificación);Temperatura      %CO2;Temp. Amb. +5 a 60 °C                           0 - 20 %CO2;;;;120 VAC;8,3 A;;;;;Frecuencia 50/60 Hz    Potencia 1 KW
LIME;Bomba de vacío;LIME 144;Pendiente;15 - 615;General;Sótano;America energy;AEV-L15D-80-H-SSE-ESP;190103;;IND;N/A;N/A;;2019;UdeA (infraestructura);NI;900.557.226-3;Linarq;No;N/A;Compra;NI;NI;;SI;;SI;;;;Variable;;Si;1;No;N/A;;;;;;;;;;;;
LIME;Compresor;LIME 146;Pendiente;10 - 971;General;Sótano;;PDWE-04-5-220V60HZ V25;7899125412699;;IND;N/A;N/A;;2019;UdeA (infraestructura);NI;900.557.226-3;Linarq;No;N/A;Compra;NI;NI;;SI;;SI (Ficha técnica);;;;;;Si;1;No;N/A;;;;;;;;;;;;
LIME;Flujometro O2;LIME 116;BIO-12225;11 - 746;General;"Toma de muestras
(Cubiculo 1)";Amico;N/I;FMO15U-A08752DJ;;BIO;Clase IIa;INVIMA 2017DM-0016278;;2019;UdeA (infraestructura);NI;900.557.226-3;Linarq;No;N/A;Compra;;;;SI;;SI;;SI;;;;Si;1;Si;1;Flujo;0-15 LPM;0.5 LPM (0-5)/1 LPM (5-15);;;;;;;;;
LIME;Flujometro O2;LIME 115;BIO-12226;11 - 746;General;"Toma de muestras
(Cubiculo 2)";Amico;N/I;FMO15U-A08691DJ;;BIO;Clase IIa;INVIMA 2017DM-0016278;;2019;UdeA (infraestructura);NI;900.557.226-3;Linarq;No;N/A;Compra;;;;SI;;SI;;SI;;;;Si;1;Si;1;Flujo;0-15 LPM;0.5 LPM (0-5)/1 LPM (5-15);;;;;;;;;
LIME;Flujometro O2;LIME 114;BIO-12227;11 - 746;General;"Toma de muestras
(Cubiculo 3)";Amico;N/I;FMO15U-A08700DJ;;BIO;Clase IIa;INVIMA 2017DM-0016278;;2019;UdeA (infraestructura);NI;900.557.226-3;Linarq;No;N/A;Compra;;;;SI;;SI;;SI;;;;Si;1;Si;1;Flujo;0-15 LPM;0.5 LPM (0-5)/1 LPM (5-15);;;;;;;;;
LIME;Flujometro O2;LIME 117;BIO-12228;11 - 746;General;Consultorio 1;Amico;N/I;FMO15U-A08648DJ;;BIO;Clase IIa;INVIMA 2017DM-0016278;;2019;UdeA (infraestructura);NI;900.557.226-3;Linarq;No;N/A;Compra;;;;SI;;SI;;SI;;;;Si;1;Si;1;Flujo;0-15 LPM;0.5 LPM (0-5)/1 LPM (5-15);;;;;;;;;
LIME;Flujometro O2;LIME 118;BIO-12229;11 - 746;General;Consultorio 2;Amico;N/I;FMO15U-A07798FB;;BIO;Clase IIa;INVIMA 2017DM-0016278;;2019;UdeA (infraestructura);NI;900.557.226-3;Linarq;No;N/A;Compra;;;;SI;;SI;;SI;;;;Si;1;Si;1;Flujo;0-15 LPM;0.5 LPM (0-5)/1 LPM (5-15);;;;;;;;;
LIME;Refrigerador;176648;Pendiente;13 - 315;Duvan Gallego / Andres Zuluaga;Almacen;Tecnifrio;Nevera conservacion;114R134A;;IND;N/A;N/A;;NI;UdeA;2018;901.094.506-6;Tecnifrio ;No;N/A;NI;NI;NI;;SI;;;;;;;;Si;1;Si;1 (Calificación);;;;;;;;;;;;
LIME;Secador refrigerativo;LIME 147;Pendiente;18 - 040;General;Sótano;OMI;DD36;18M-011345;;IND;N/A;N/A;;2019;UdeA (infraestructura);NI;900.557.226-3;Linarq;No;N/A;Compra;NI;NI;;SI;;SI (Ficha técnica);;;;;;Si;1;No;N/A;;;;;;;;;;;;
LIME;Microcentrifuga refrigerada;LIME 360;BIO-16289;17 - 452;Estefania Vasco;Área centrífugas;HERMLE;Z 216 MK;61165050;;BIO;Clase I;INVIMA 2015DM-0013425;;31/3/2020;UT LIME;2016;811.026.956-0;MR y Cia S.A.S;No;03/2021;Compra;Factura;MRE 10890;$ 29.155.000;SI;;SI (ING);;;;Semestral;;Si;2;Si;2;Velocidad/ Tiempo / Temperatura;"Velocidad: 200 - 15000 rpm (la velocidad maxima varia dependindo del rotor 13500, 14500 o 15000)
Tiempo: 10 seg hasta 99 horas 59 min.
Temperatura: -20°C a +40°C.";Temperatura : 1°C;;;;;;;;;
LIME - Biología Molecular;Microscopio;128645;BIO-12295;18 - 283;Gloria Ramírez / Nora Durango;Citogenomica (Preanalitica);Carl Zeiss;Axiostar Plus;3108016670;;BIO;Clase I;Antes de 2009 - CIRCULAR EXTERNA Nº 1000-0085-18;;17/7/2008;UdeA;NI;860.001.911-1;Kaika S.A.S;No;17/7/2009;Compra;Factura;18624;;SI;;SI;;;SI;;;Si;1;No;N/A;N/A;N/A;N/A;N/A;N/A;;;;;;;
LIME;URPT Vacío;LIME 091;Pendiente;13 - 325;General;Procesamiento Seccion A;Amico;SRA-C3;CA29391FI;;BIO;Clase IIa;INVIMA 2017DM-0016279;;2019;UdeA (infraestructura);NI;900.557.226-3;Linarq;No;N/A;Compra;NI;NI;;SI;;SI;;;;;;No;Fuera de servicio;No;N/A;Presión (- mmHg);0-300;5 mmHg;;;;;;;;;
LIME;URPT Vacío;LIME 089;Pendiente;13 - 325;General;Procesamiento Seccion B;Amico;SRA-C3;CA29393FI;;BIO;Clase IIa;INVIMA 2017DM-0016279;;2019;UdeA (infraestructura);NI;900.557.226-3;Linarq;No;N/A;Compra;NI;NI;;SI;;SI;;;;;;No;Fuera de servicio;No;N/A;Presión (- mmHg);0-300;5 mmHg;;;;;;;;;
LIME;URPT Vacío;LIME 087;Pendiente;13 - 325;General;Procesamiento Seccion C;Amico;SRA-C3;CA29368FI;;BIO;Clase IIa;INVIMA 2017DM-0016279;;2019;UdeA (infraestructura);NI;900.557.226-3;Linarq;No;N/A;Compra;NI;NI;;SI;;SI;;;;;;No;Fuera de servicio;No;N/A;Presión (- mmHg);0-300;5 mmHg;;;;;;;;;
LIME;URPT Vacío;LIME 085;Pendiente;13 - 325;General;Procesamiento Seccion C;Amico;SRA-C3;CA29360FI;;BIO;Clase IIa;INVIMA 2017DM-0016279;;2019;UdeA (infraestructura);NI;900.557.226-3;Linarq;No;N/A;Compra;NI;NI;;SI;;SI;;;;;;Si;1;No;N/A;Presión (- mmHg);0-300;5 mmHg;;;;;;;;;
LIME;URPT Vacío;LIME 104;Pendiente;13 - 325;General;Citogenomica (Preanalitica);Amico;SRA-C3;CA29364FI;;BIO;Clase IIa;INVIMA 2017DM-0016279;;2019;UdeA (infraestructura);NI;900.557.226-3;Linarq;No;N/A;Compra;NI;NI;;SI;;SI;;;;;;No;Fuera de servicio;No;N/A;Presión (- mmHg);0-300;5 mmHg;;;;;;;;;
LIME;URPT Vacío;Pendiente;Pendiente;13 - 325;General;Biologia Molecular (Extraccion);Amico;SRA-C3;CA29396FI;;BIO;Clase IIa;INVIMA 2017DM-0016279;;2019;UdeA (infraestructura);NI;900.557.226-3;Linarq;No;N/A;Compra;NI;NI;;SI;;SI;;;;;;No;Fuera de servicio;No;N/A;Presión (- mmHg);0-300;5 mmHg;;;;;;;;;
LIME;URPT Vacío;LIME 107;Pendiente;13 - 325;General;Biología Molecular (Cultivo);Amico;SRA-C3;CA29353FI;;BIO;Clase IIa;INVIMA 2017DM-0016279;;2019;UdeA (infraestructura);NI;900.557.226-3;Linarq;No;N/A;Compra;NI;NI;;SI;;SI;;;;;;No;Fuera de servicio;No;N/A;Presión (- mmHg);0-300;5 mmHg;;;;;;;;;
LIME;Termohigrómetro;LIME 055; BIO-12190;NI;Andres Hincapie;Cromatografía gaseosa;Halthen;tth-002;12512;;BIO;Clase I;ACTA No. 03 Abril 10 de 2013 ;;NI;UdeA;NI;NI;NI;No;N/A;NI;NI;NI;;SI;;SI (Brochure y guía de manejo);;SI;SI;;;No;N/A;No;N/A;Temperatura / Humedad;"Temp interior: 0 a 50 °C (32 a 122 °F).
Temp exterior: -50 a70°C (-58a 158 °F).
Humedad relativa: 15 a 95 % HR";"Temperatura: 0,1 °C (0,1°F)
Humedad: 1 %HR";;;;;;;;;
LIME;Termohigrómetro;LIME 077; BIO-12191;NI;Duvan Gallego;Cuarto frío  ;Halthen;TTH-002;12511;;BIO;Clase I;ACTA No. 03 Abril 10 de 2013 ;;NI;;NI;NI;NI;No;N/A;NI;NI;NI;;SI;;SI (Brochure y guía de manejo);;SI;SI;;;No;N/A;Si;1;Temperatura / Humedad;"Temp interior: 0 a 50 °C (32 a 122 °F).
Temp exterior: -50 a70°C (-58a 158 °F).
Humedad relativa: 15 a 95 % HR";"Temperatura: 0,1 °C (0,1°F)
Humedad: 1 %HR";;;;;;;;;
LIME;Termómetro;LIME 082; BIO-12215;17- 436;Duvan Gallego;Cuarto frío (Congelador Electrolux);ALLA FRANCE;N/I;N/I;;BIO;N/A;ACTA No. 07 Junio 10 de 2009;;NI;;NI;NI;NI;No;N/A;NI;NI;NI;;SI;;SI (Ficha técnica);;SI;SI;;;No;N/A;Si;1;Temperatura;T - 50 a 70 °C / - 58 a 158 °F;0,1 °C/°F;;;;;;;;;
LIME;Termómetro;LIME 052;BIO-12244;17- 436;Auxiliares;Biología molecular PCR (Congelador);Alla France;N/I;N/I;;BIO;N/A;ACTA No. 07 Junio 10 de 2009;;NI;;NI;NI;NI;No;N/A;NI;NI;NI;;SI;;SI (Ficha técnica);;SI;SI;;;No;N/A;Si;1;Temperatura;- 50 a 70 °C / - 58 a 158 °F;0,1 °C/°F;;;;;;;;;
LIME;Ducha Mixta (Ducha + Lavaojos);LIME 227;N/A;15 - 925;Gloria Ramírez;Citogenomica (Preanalitica);Impleseg;NI;NI;;IND;N/A;N/A;;2019;UdeA (infraestructura);NI;NI;NI;No;N/A;Reinstalación;NI;NI;;SI;;;;;;;;Si;1;No;N/A;N/A;N/A;N/A;N/A;N/A;N/A;N/A;N/A;N/A;N/A;N/A;N/A
LIME;Ducha Mixta (Ducha + Lavaojos);185879;N/A;15 - 925;Andres Hincapie / Andres Zuluaga;Procesamiento Seccion C;Prodeseg;NI;NI;;IND;N/A;N/A;;2020;UdeA (infraestructura);NI;900.147.762-0;Segurifer S.A.S;No;N/A;Compra;Factura;MEDE148;;SI;;;;;;;;Si;1;No;N/A;N/A;N/A;N/A;N/A;N/A;N/A;N/A;N/A;N/A;N/A;N/A;N/A
LIME;Ducha Mixta (Ducha + Lavaojos);185878;N/A;15 - 925;Enith Knuth / Andres Zuluaga;Microbiología 1 ;Prodeseg;NI;NI;;IND;N/A;N/A;;2020;UdeA (infraestructura);NI;900.147.762-0;Segurifer S.A.S;No;N/A;Compra;Factura;MEDE148;;SI;;;;;;;;Si;1;No;N/A;N/A;N/A;N/A;N/A;N/A;N/A;N/A;N/A;N/A;N/A;N/A;N/A
LIME;Ducha;LIME 158;N/A;15 - 925;Auxiliares;Toma de muestras;Impleseg;NI;NI;;IND;N/A;N/A;;2019;UdeA (infraestructura);NI;NI;NI;No;N/A;Reinstalación;NI;NI;;SI;;;;;;;;Si;1;No;N/A;N/A;N/A;N/A;N/A;N/A;N/A;N/A;N/A;N/A;N/A;N/A;N/A
LIME;Ducha Mixta (Ducha + Lavaojos);185880;N/A;15 - 925;Duvan Gallego / Andres Zuluaga;Cuarto de reactivos;Prodeseg;NI;NI;;IND;N/A;N/A;;2020;UdeA (infraestructura);NI;900.147.762-0;Segurifer S.A.S;No;N/A;Compra;Factura;MEDE148;;SI;;;;;;;;Si;1;No;N/A;N/A;N/A;N/A;N/A;N/A;N/A;N/A;N/A;N/A;N/A;N/A;N/A
LIME;Ducha Mixta (Ducha + Lavaojos);LIME 244;N/A;15 - 925;Gloria Ramírez;BiologIa Molecular (Corredor de PCR);Impleseg;NI;NI;;IND;N/A;N/A;;2019;UdeA (infraestructura);NI;NI;NI;No;N/A;Reinstalación;NI;NI;;SI;;;;;;;;Si;1;No;N/A;N/A;N/A;N/A;N/A;N/A;N/A;N/A;N/A;N/A;N/A;N/A;N/A
LIME;Lavaojos;LIME 181;N/A;;Estefania Vasco;Procesamiento Seccion B;Impleseg;NI;NI;;IND;N/A;N/A;;2019;UdeA (infraestructura);NI;NI;NI;No;N/A;Reinstalación;NI;NI;;SI;;;;;;;;Si;1;No;N/A;N/A;N/A;N/A;N/A;N/A;N/A;N/A;N/A;N/A;N/A;N/A;N/A
LIME;Ducha Mixta (Ducha + Lavaojos);LIME 433;N/A;;Ivone Jimenez;BSL3 (Procesamiento);;;;;IND;;;;;UdeA (infraestructura);;;;;;;;;;;;;;;;;;Si;1;No;N/A;;;;;;;;;;;;
LIME;Ultracongelador;189536;BIO-16296;15 - 583;Martha Ibeth / Psiquiatría;Cuarto frío;HAIER;DW-86L728J;BEOGYPE1T00QGKAP0002;;BIO;Clase IIa;INVIMA 2015DM-0013413;;26/5/2020;UdeA;NI;860.001.911-1;Kaika S.A.S;Si;05/2021;Compra;Minuta contrato                                                                     Orden de entrega;4500087870                                 3124;;SI;SI;Ficha tecnica;;;;;;Si;1;Si;1 (Calificación);Temperatura;T -40 a -86°C;;;;;;;;;;
LIME;Centrífuga;LIME 255;BIO-12156;18 - 264;General;Área centrífugas;OSSALUD;LC-04S;61027067;;BIO;Clase I;INVIMA 2015DM-0013547;;2017;UdeA;10/2016;811.026.956-0;MR Y CIA S.A.S;No;N/A;Compra;NI;NI;;SI;;SI;;SI;SI;;;Si;1;Si;1;rpm/tiempo;"velocidad maxima 4000 rpm
0-99 minutos";;2000 rpm;;;;;;;;
LIME - Microbiología;Centrífuga refrigerada;157735;BIO-12157;10 - 778;Enith Knuth / Carla Restrepo;Microbiología 1;Hettich;Universal 320R;0000930-07;;BIO;Clase I;INVIMA 2013DM-0010231;;14/8/2015;UdeA;2015;800.160.884-1;Filtración y análisis S.A.S;No;N/A;Compra;Factura;141977;;SI;;SI;;SI;SI;;;Si;1;Si;1;Velocidad  Aceleración  Tiempo  Temperatura;500 - 16000 rmp                                               hasta 24900 RCF                                                                   1s - 99 min:59s                                                               T -20 a 40 °C;10 rpm                                                                                                             Hasta 100 pasos de 1 - de 100 en adelante pasos de 10                           de 0 - 99 min pasos de 1min - de 0 - 59 s pasos de 1s                                                                                                         1°C;hasta 15000, hasta 40°;;;;;;;;
LIME - Lavado y desinfeccion;Mufla;144633;BIO-12164;NI;Maria Elena Durano / Maria Elena Durano;Lavado y desinfección;Thermo Scientific;FB1315M;0150454701120613;;BIO;N/A;No es considerado dispositivo médico;;25/8/2012;UdeA;NI;900.355.024-5;Equipos y laboratorio;No;N/A;Compra;Factura;1004;;SI;;SI;;SI;;Semestral;;Si;2;No;N/A;Temperatura;25 - 1100°C;1 °C;N/A;;;;;;;;
LIME;Purificador de agua;149318;Pendiente;15 - 612;Estefania Vasco / Alejandro Ospina;Procesamiento Seccion C;Thermo Scientific;Smart2Pure3UV/UF;41487364;;IND;N/A;N/A;;6/8/2013;UdeA;23/5/2013;900.355.024-5;Equipos y Laboratorio;No;N/A;Compra;Factura;2347;;SI;;SI;;;;Anual;;Si;1;No;N/A;N/A;;;N/A;;;;;;;;
LIME;Termohigrómetro;LIME 078;BIO-12204;NI;Carolina Rosero;Microbiologia 2;Halthen;TTH-002;12513;;BIO;N/A;ACTA No. 03 Abril 10 de 2013 ;;6/9/2017;;NI;900.355.024-5;Equipos y Laboratorio;No;N/A;Compra;Factura;C10700;$ 95.200;SI;SI;SI;;SI;SI;;;No;N/A;No;N/A;Temperatura - Humedad Relativa;"T. interior 0 a 50 °C (32 a 122 °F) 
T. exterior -50 a 70 °C (-58 a 158 °F)
15 a 95%HR";T 0,1 °C / °F            H 1% HR;NI;NI;N/A;N/A;N/A;N/A;N/A;N/A;N/A
LIME;Termohigrómetro;LIME 137;BIO-12205;NI;Duvan Gallego;Calibrando 15/02/2024;Halthen;TTH-002;2420;;BIO;N/A;ACTA No. 03 Abril 10 de 2013 ;;15/7/2013;;NI;900.494.362-5;Tecnomedica MD S.A.S.;No;N/A;Compra;Factura;CR00022500;;SI;SI;SI;;SI;SI;;;No;N/A;No;N/A;Temperatura - Humedad Relativa;"T. interior 0 a 50 °C (32 a 122 °F) 
T. exterior -50 a 70 °C (-58 a 158 °F)
15 a 95%HR";T 0,1 °C / °F            H 1% HR;NI;NI;N/A;N/A;N/A;N/A;N/A;N/A;N/A
LIME;Termómetro;LIME 139;BIO-12207;17- 436;General;Calibrando 15/02/2024;Halthen;SH144;11845;;BIO;N/A;ACTA No. 07 Junio 10 de 2009;;6/9/2017;;NI;900.355.024-5;Equipos y Laboratorio;No;N/A;Compra;Factura;C10700;;SI;SI;;;SI;SI;;;No;N/A;No;N/A;Temperatura;out: -50 - 70 °C/ in: -10 - 50°C;0,1 °C;NI;NI;N/A;N/A;N/A;N/A;N/A;N/A;N/A
LIME;Termómetro;LIME 067; BIO-12219 (Pendiente sticker);17- 436;Maria Elena Durango;Cuarto de lavado y desinfección ( Incubadora 26989);N/I;N/I;N/I;;BIO;N/A;ACTA No. 07 Junio 10 de 2009;;NI;;NI;NI;NI;No;N/A;NI;NI;NI;;SI;;;;SI;SI;;;No;N/A;Si;1;Temperatura;T -50 A 200°C / -58 A 392°F;0,1 °C/°F;T -8°C;;;;;;;;
LIME;Termómetro;LIME 065;BIO-12220;17- 436;Duvan Gallego;Biología molecular cultivo (incubadora BIO-12257);N/I;N/I;N/I;;BIO;N/A;ACTA No. 07 Junio 10 de 2009;;NI;;NI;NI;NI;No;N/A;NI;NI;NI;;SI;;SI;;SI;SI;;;No;N/A;Si;1;Temperatura;Temp interior: 0 a 50 °C (32 - 122 °F) Temp exterior: -50 a 70 °C (-58 - 158 °F);1°C (2°F);T 37°C;;;;;;;;
LIME;Termómetro;LIME 058;BIO-12221;17- 436;Gloria Ramírez;Citogenomica (Preanalitica) (Incubadora 26990);Kexgermany;RT-803E;N/I;;BIO;N/A;ACTA No. 07 Junio 10 de 2009;;NI;;NI;NI;NI;No;N/A;NI;NI;NI;;SI;;;;SI;SI;;;No;N/A;Si;1;Temperatura;T -50 a 70°C / -58 a 158°F;0,1 °C /°F;T -2°C A 8°C;;;;;;;;
LIME;Balanza analítica;137234;BIO-12236;18 - 449;Gloria Ramírez / Nora Durango;Área balanzas;Adam Equipment;PW184;AE437432;;BIO;Clase I;ACTA No. 07 Junio 10 de 2009;;09/08/2012;;NI;800.240.039-8;Anditécnica;No;N/A;Compra;Factura;6701;;SI;;SI;;SI;SI;;;Si;2;Si;2;Peso;0,0001 - 180 g;0,0001 g;10 mg a 180 g;;;;;;;;
LIME;Baño María;096085;BIO-12238;16 - 861;Gloria Ramírez / Nora Durango;Procesamiento Seccion B;Memmert;WB7;12990645;;BIO;Clase I;ACTA No. 07 Junio 10 de 2009;;Aprox. 1998;;NI;800.160.884-1;Filtración y análisis S.A.S;No;N/A;Compra;NI;NI;;SI;;SI;;SI;SI;;;Si;2;Si;2;Temperatura;0 - 100 °C;0,1 °C;36,5°C-37,5°C;;;;;;;;
LIME - Biología Molecular;Baño María;125067;BIO-12239;16 - 861;Carlos Afanador / Gloria Ramírez;Biología Molecular (Cultivo);Memmert;WNB7;L20700008;;BIO;Clase I;ACTA No. 07 Junio 10 de 2009;;24/8/2007;;NI;800.160.884-1;Filtración y análisis S.A.S;No;N/A;Compra;Factura;52857;;SI;;SI;;SI;SI;;;Si;2;Si;2;Temperatura;10 - 95°C;0,1 °C;36,5°C-37,5°C;;;;;;;;
LIME;Congelador;165045;Pendiente;15 - 145;Gloria Ramírez / Carlos Muñetos;Procesamiento Seccion A (Amacenamiento de muestras);Thermo Scientific;MF25SS-SAEE-TS;158386601160330;;IND;N/A;ACTA No. 10 Noviembre 11 de 2015. Factura anterior a periodo de transitoriedad;;2/9/2016;;NI;900.355.024-5;Equipos y Laboratorio;No;N/A;Compra;Factura;C8498;;SI;SI;SI;;SI;;;;No;N/A;No;N/A;Temperatura;T -30 a 0°C / -22 a 32°F;0,1 °C;T -15 a -25°C;;;;;;;;
LIME;Congelador;127380;Pendiente;15 - 583;Gloria Ramírez / Carlos Muñetos;Cuarto frío;Electrolux;FE26;73600147;;IND;N/A;Antes de 2009;;1/4/2008;;NI;811.033.098-5;Importecnical Ltda.;No;N/A;Compra;Factura;005221;;SI;SI;SI;;SI;;;;Si;1;Si;1 (Calificación);Temperatura;T -50 - 30 °C;1 °C No tiene indicación;(-)15°c a (-)25°C;;;;;;;;
LIME;Destilador;30576;Pendiente;15 - 612;Gloria Ramírez / Nora Durango;Procesamiento Seccion C;Millipore;Direct-Q 3UV;F2NA62925D;;IND;N/A;N/A;;4/12/2012;;NI;860.518.299-1;Purificación y análisis de fluidos Ltda. (PAF);No;N/A;Compra;Factura;86316;;SI;;SI;;;;;;Si;1;No;N/A;;;;;;;;;;;;
LIME;Termohigrómetro;LIME 073;BIO-12301;NI;Carolina Rosero;Microbiología 2;Radioshack;06A11;6300334;;BIO;Clase I;ACTA No. 03 Abril 10 de 2013;;NI;UdeA;NI;NI;NI;No;N/A;NI;NI;NI;;SI;;;;;SI;;;No;N/A;Si;1;Temperatura;T -50 - 70 °C / 25 - 95 %Hr;0,1 °C / 1 %Hr;19-25°C;;;;;;;;
LIME ;Termómetro;LIME 068;BIO-12302;17- 436;Gloria Ramírez;Almacen;Halthen;SH144;N/I;;BIO;N/A;ACTA No. 07 Junio 10 de 2009;;NI;;NI;NI;NI;No;N/A;NI;NI;NI;;SI;;;;SI;SI;;;No;N/A;Si;1;Temperatura;"Temp interior: -10 ° C a 50 ° C/ 14°F a 122°F
Temp exterior: -50 ° C a 70 ° C/-58°F a 158°F";0,1°C/°F;;;;;;;;;
LIME;Termohigrómetro;172922;BIO-16768;NI;Ivone Jimenez / Andres Zuluaga;BSL3;CEM;DT-172;NI;;BIO;Clase I;ACTA No. 03 Abril 10 de 2013 ;;9/2/2022;UT LIME;NI;900.355.024-5;Equipos y laboratorio;N/A;N/A;Compra;Factura;FE7279;;SI;;Ficha técnica;;;;NI;;No;N/A;Si;1;Temperatura Humedad;T -40 A 70 °C            0 A 100 %HR;0,1 °C / 0,1 %HR;NI;NI;NI;NI;N/A;N/A;N/A;N/A;N/A
LIME;Termohigrómetro;172923;BIO-16762;NI;Enith Knuth / Andres Zuluaga;Microbiologia 1;CEM;DT-172;NI;;BIO;Clase I;ACTA No. 03 Abril 10 de 2013 ;;9/2/2022;UT LIME;NI;900.355.024-5;Equipos y laboratorio;N/A;N/A;Compra;Factura;FE7279;;SI;;Ficha técnica;;;;NI;;No;N/A;Si;1;Temperatura Humedad;T -40 A 70 °C            0 A 100 %HR;0,1 °C / 0,1 %HR;NI;NI;NI;NI;N/A;N/A;N/A;N/A;N/A
LIME;Termohigrómetro;172924;BIO-16763;NI;Gloria Ramirez / Andres Zuluaga;Biología Molecular (Post PCR);CEM;DT-172;NI;;BIO;Clase I;ACTA No. 03 Abril 10 de 2013 ;;9/2/2022;UT LIME;NI;900.355.024-5;Equipos y laboratorio;N/A;N/A;Compra;Factura;FE7279;;SI;;Ficha técnica;;;;NI;;No;N/A;Si;1;Temperatura Humedad;T -40 A 70 °C            0 A 100 %HR;0,1 °C / 0,1 %HR;NI;NI;NI;NI;N/A;N/A;N/A;N/A;N/A
LIME;Termohigrómetro;172925;BIO-16764;NI;Ivone Jimenez / Andres Zuluaga;Biología molecular (Extracción);CEM;DT-172;NI;;BIO;Clase I;ACTA No. 03 Abril 10 de 2013 ;;9/2/2022;UT LIME;NI;900.355.024-5;Equipos y laboratorio;N/A;N/A;Compra;Factura;FE7279;;SI;;Ficha técnica;;;;NI;;No;N/A;Si;1;Temperatura Humedad;T -40 A 70 °C            0 A 100 %HR;0,1 °C / 0,1 %HR;NI;NI;NI;NI;N/A;N/A;N/A;N/A;N/A
LIME;Termohigrómetro;172926;BIO-16765;NI;Gloria Zapata / Andres Zuluaga;Procesamiento Seccion C;CEM;DT-172;NI;;BIO;Clase I;ACTA No. 03 Abril 10 de 2013 ;;9/2/2022;UT LIME;NI;900.355.024-5;Equipos y laboratorio;N/A;N/A;Compra;Factura;FE7279;;SI;;Ficha técnica;;;;NI;;No;N/A;Si;1;Temperatura Humedad;T -40 A 70 °C            0 A 100 %HR;0,1 °C / 0,1 %HR;NI;NI;NI;NI;N/A;N/A;N/A;N/A;N/A
LIME;Termohigrómetro;172927;BIO-16766;NI;Juan Carlos Herrera / Andres Zuluaga;Procesamiento Seccion B;CEM;DT-172;NI;;BIO;Clase I;ACTA No. 03 Abril 10 de 2013 ;;9/2/2022;UT LIME;NI;900.355.024-5;Equipos y laboratorio;N/A;N/A;Compra;Factura;FE7279;;SI;;Ficha técnica;;;;NI;;No;N/A;Si;1;Temperatura Humedad;T -40 A 70 °C            0 A 100 %HR;0,1 °C / 0,1 %HR;NI;NI;NI;NI;N/A;N/A;N/A;N/A;N/A
LIME;Termohigrómetro;172928;BIO-16767;NI;Andres Hincapie / Andres Zuluaga;Procesamiento Seccion A;CEM;DT-172;NI;;BIO;Clase I;ACTA No. 03 Abril 10 de 2013 ;;9/2/2022;UT LIME;NI;900.355.024-5;Equipos y laboratorio;N/A;N/A;Compra;Factura;FE7279;;SI;;Ficha técnica;;;;NI;;No;N/A;Si;1;Temperatura Humedad;T -40 A 70 °C            0 A 100 %HR;0,1 °C / 0,1 %HR;NI;NI;NI;NI;N/A;N/A;N/A;N/A;N/A
LIME - Microbiología;Incubadora;190829;BIO-16769;18 - 013;Carolina Rosero / Andres Zuluaga;Microbiología 1;Binder;BF - 115 (referencia: 9010-0316);20210000015351;;BIO;N/A;Certificación de No Requiere 2014010943;;Fecha de remisión 02/05/2022    Fecha de recepción 03/05/2022;UdeA;;860.028.662-8 900.903.216-4;LabBrands (tercerizado por Bioingversa);;;Compra;Factura;3253;;;;SI;SI;;;;Anual;Si;1;Si;1 (Calificación);Temperatura;Temp. Amb. +5 a 100 °C                          ;NI;NI;NI;120 VAC;NI;Máx. 70 %HR, sin condensación;18 - 40 °C;710 x 735 x 680 mm (ancho x alto x profundo);55 kg;Frecuencia 50/60 Hz
LIME;Bomba de vacío  ;190347;Pendiente;15-168;Ivone Jimenez / Andres Zuluaga;Procesamiento Seccion B;Vacuubrand;MZ 2C NT;109401501;;IND;N/A;N/A;;Fecha de recepción 18/05/2022;UdeA;02/2022;811.024.668-5;Industrias Centricol S.A.S;;;Compra;;;;;;;;;;;;Si;1;No;N/A;;;;;;100 - 115 VAC                 120 VAC;3,4 A;;;;;Frecuancia 60Hz
LIME - BSL3;Agitador vórtex;190333;BIO-16770;15 - 651;Ivone Jimenez / Andres Zuluaga;BSL3 (Procesamiento);Heidolph;REAX TOP;200437971;;BIO;N/A;ACTA No. 03 Abril 10 de 2013 ;;Fecha de recepción 23/05/2022;UdeA;29/04/2021;811.026.956-0;MR Y CIA S.A.S;;;Compra;Factura;MRE 15468;;;;;;;;;;No;NR;No;N/A;;;;;;;;;;;;
LIME;Sistema extinción de incendios por agente limpio;Infraestructura;N/A;N/A;Estefania Vasco;Citometría de flujo, Cromatografía gaseosa, Absorción atómica y Cromatografía liquida;NT;NT;NT;;IND;N/A;N/A;;2019;UdeA (infraestructura);;;;No;N/A;Compra;;;;;;;;;;;;Si;1;No;N/A;N/A;N/A;N/A;N/A;N/A;N/A;N/A;N/A;N/A;N/A;N/A;N/A
LIME;Sistema de detección de incendios, alarma y emergencia;Infraestructura;N/A;N/A;Estefania Vasco;Todo el laboratorio;NT;NT;NT;;IND;N/A;N/A;;2019;UdeA (infraestructura);;;;No;N/A;Compra;;;;;;;;;;;;Si;2;No;N/A;N/A;N/A;N/A;N/A;N/A;N/A;N/A;N/A;N/A;N/A;N/A;N/A
LIME;Sistema de aires acondicionados;LIME 143;N/A;N/A;Estefania Vasco;Todo el laboratorio;NT;NT;NT;;IND;N/A;N/A;;2019;UdeA (infraestructura);;;;No;N/A;Compra;;;;;;;;;;;;Si;6;No;N/A;N/A;N/A;N/A;N/A;N/A;N/A;N/A;N/A;N/A;N/A;N/A;N/A
LIME - Atención de Pacientes;Bascula electrónica;LIME 365;BIO-16771;18 - 455;Medicos ;Consultorio 2;ECO MEDICS;GBS-903;14101300780;;BIO;;ACTA No. 09 Octubre 14 de 2015;;13/05/2020;UT LIME;;811.026.956-0;MR Y CIA S.A.S;;;Compra;Factura;MRE 11084;;;;;;;;;;Si;1;Si;1;Peso;0 - 150kg;;;;N/A;N/A;N/A;N/A;;;
LIME - Atención de Pacientes;Bascula electrónica;LIME 363;BIO-16772;18 - 455;Medicos ;Consultorio 1;ECO MEDICS;GBS-903;14101300075;;BIO;;ACTA No. 09 Octubre 14 de 2015;;13/05/2020;UT LIME;;811.026.956-0;MR Y CIA S.A.S;;;Compra;Factura;MRE 11084;;;;;;;;;;Si;1;Si;1;Peso;0 - 150kg;;;;N/A;N/A;N/A;N/A;;;
LIME;Termohigrómetro;LIME 062;BIO-16773;NI;Gloria Ramírez;Calibrando;Halthen;TTH-002;29745;;BIO;Clase I;ACTA No. 03 Abril 10 de 2013 ;;23/08/2022;;NI;900.355.024-5;Equipos y laboratorio;No;N/A;Compra;Factura;FE8811;;;;;;;;;;No;N/A;Si;1;;;;;;;;;;;;
LIME;Termohigrómetro;LIME 048;BIO-16774;NI;Gloria Zapata;Citometría de flujo;Halthen;TTH-002;29735;;BIO;Clase I;ACTA No. 03 Abril 10 de 2013 ;;23/08/2022;;NI;900.355.024-5;Equipos y laboratorio;No;N/A;Compra;Factura;FE8811;;;;;;;;;;No;N/A;Si;1;;;;;;;;;;;;
LIME;Termohigrómetro;LIME 080;BIO-16775;NI;Duvan Gallego;Reactivos;Halthen;TTH-002;29726;;BIO;Clase I;ACTA No. 03 Abril 10 de 2013 ;;23/08/2022;;NI;900.355.024-5;Equipos y laboratorio;No;N/A;Compra;Factura;FE8811;;;;;;;;;;No;N/A;Si;1;;;;;;;;;;;;
LIME;Termohigrómetro;LIME 079;BIO-16776;NI;Duvan Gallego;Almacen;Halthen;TTH-002;29741;;BIO;Clase I;ACTA No. 03 Abril 10 de 2013 ;;23/08/2022;;NI;900.355.024-5;Equipos y laboratorio;No;N/A;Compra;Factura;FE8811;;;;;;;;;;No;N/A;Si;1;;;;;;;;;;;;
LIME;Termohigrómetro;LIME 054;BIO-16777;NI;Andres Hincapie;Cromatografía líquida;Halthen;TTH-002;29766;;BIO;Clase I;ACTA No. 03 Abril 10 de 2013 ;;23/08/2022;;NI;900.355.024-5;Equipos y laboratorio;No;N/A;Compra;Factura;FE8811;;;;;;;;;;No;N/A;Si;1;;;;;;;;;;;;
LIME - Citogenómica;Centrífuga;192873;BIO-16778;10 - 778;Claudia Cristancho / Gloria Ramírez;Biología Molecular (Cultivo);DLAB;DM0636;LT226AX000016;;BIO;Clase I;INVIMA 2018DM-0017574;;Reporte de instalación 25/10/2022;UdeA;;830.009.701-7;EXPERT Ingeniería & instrumentos S.A.S.;Si;;Compra;Reporte de instalación;;;;;;;;;;;Si;1;Si;1;;;;;;;;;;;;
LIME - Atención de Pacientes;Balanza control corporal;LIME 460;BIO-16779;18 - 455;Medicos;Almacen;Omron;HBF-514C;20220103527f;;BIO;Clase IIa;INVIMA 2015DM-0013838;;02/12/2023;UT LIME;;;Hernan Ochoa;;;Compra;Factura;FEHO27704;;;;;;;;;;Si;1;Si;1;;;;;;;;;;;;
LIME - Atención de Pacientes;Dinamometro;LIME 461;BIO-16780;11 - 367;Medicos;Almacen;Camry;EH101;NI;;BIO;;;;02/12/2023;UT LIME;;;Hernan Ochoa;;;Compra;Factura;FEHO27704;;;;;;;;;;Si;1;Si;1;;;;;;;;;;;;
LIME - Atención de Pacientes;Tallimetro;LIME 462;BIO-16781;NI;Medicos;Almacen;Seca;208;NI;;BIO;;;;02/12/2023;UT LIME;;;Hernan Ochoa;;;Compra;Factura;FEHO27704;;;;;;;;;;No;NR;No;N/A;;;;;;;;;;;;
LIME - Atención de Pacientes;Pulsoximetro;LIME 122;BIO-16782;12 - 853;Marta Cuervo;Recepcion;GMD;Pulsax 500 Pro;21IM29169;;BIO;;;;18/01/2023;UT LIME;;717890804;MILTON VLADIMIR MARIN JARAMILLO Top medicos;;;Compra;Factura;FE-7405;$ 75.000;;;;;;;;;Si;1;No;N/A;;;;;;;;;;;;
LIME - Atención de Pacientes;Pulsoximetro;LIME 124;BIO-16783;12 - 853;Marta Cuervo;Recepcion;GMD;Pulsax 500 Pro;21IM29175;;BIO;;;;18/01/2023;UT LIME;;717890804;MILTON VLADIMIR MARIN JARAMILLO Top medicos;;;Compra;Factura;FE-7405;$ 75.000;;;;;;;;;Si;1;No;N/A;;;;;;;;;;;;
LIME - Atención de Pacientes;Glucometro;LIME 125;BIO-16784;NI;Marta Cuervo;Recepcion;GlucoQuick;GD50;4286322130033920;;BIO;Clase IIa;INVIMA 2015DM-0012902;;;UT LIME;;;;;;;;FE-7412;$ 85.000;;;;;;;;;Si;1;No;N/A;;;;;;;;;;;;
LIME - Atención de Pacientes;Equipo de organos;172437;BIO-16785;12 - 815              12 - 849;Medicos / Andres Zuluaga;Almacen;Welch Allyn;"Equipo  de Organos
 y Ojo";"732094195941
732094195903";;BIO;Clase I;INVIMA 2017DM-0017337 (oftalmoscopio)                             INVIMA 2017DM-0017343 (otoscopio);;;UdeA;;;;;;;;;;;;;;;;;;Si;1;No;N/A;;;;;;;;;;;;
LIME - Atención de Pacientes;Equipo de organos;172438;BIO-16786;12 - 815              12 - 849;Medicos / Andres Zuluaga;Consultorio 2;Welch Allyn;"Equipo  de Organos
 y Ojo";"732094195958
732094195934";;BIO;Clase I;INVIMA 2017DM-0017337 (oftalmoscopio)                             INVIMA 2017DM-0017343 (otoscopio);;;UdeA;;;;;;;;;;;;;;;;;;Si;1;No;N/A;;;;;;;;;;;;
LIME - Biología Molecular;Cámara de electroforesis;25053;BIO-16787;18 - 548;Katherine Palacio / Carlos Muñeton;Citogenomica (Preanalitica);Labnet;Enduro;1002221003;;BIO;N/A;No es considerado dispositivo médico;;;UdeA;;;;;;;;;;;;;;;;;;Si;1;No;N/A;;;;;;;;;;;;
LIME - Biología Molecular;Cámara de electroforesis;55212;BIO-16788;18 - 548;Katherine Palacio / Carlos Muñeton;Biologia Molecular (Electroforesis);NI;NI;NI;;BIO;N/A;No es considerado dispositivo médico;;;UdeA;;;;;;;;;;;;;;;;;;Si;1;No;N/A;;;;;;;;;;;;
LIME - Farmacología y Toxicología;Bomba de vacío  ;58681;Pendiente;15-168;Estefania Vasco / Carla Restrepo;Procesamiento Seccion B;GASTA;DOA-P704-AA;1003113040;;IND;;;;;UdeA;;;;;;;;;;;;;;;;;;Si;1;No;N/A;;;;;;;;;;;;
LIME - Citogenómica;Medidor de pH;113493;BIO-16789;15 - 164;Gloria Ramírez / Nora Durango;Citogenomica (Preanalitica) - Archivado;CII;pH2000;Sin serie;;BIO;;;;;UdeA;;;;;;;;;;;;;;;;;;Si;1;Si;1;;;;;;;;;;;;
LIME - Hematología;Contador de células;117288;BIO-16790;15 - 112;Gloria Zapata;Citometría de flujo;Fischer;NI;NI;;BIO;N/A;No es considerado dispositivo médico;;;UdeA;;;;;;;;;;;;;;;;;;Si;1;No;N/A;;;;;;;;;;;;
LIME - Farmacología y Toxicología;Camara de extraccion fase solida;167559;Pendiente;;Estefania Vasco / Andres Zuluaga;Procesamiento Seccion B;Sin dato;Sin dato;Sin dato;;N/A;;;;;UdeA;;;;;;;;;;;;;;;;;;No;N/A;No;N/A;;;;;;;;;;;;
LIME;Controlador de vacio rotoevaporador;173292;Pendiente;;Ivone Jimenez / Andres Zuluaga;Procesamiento Seccion B;GEMU;D-74653;14389766/0059;;N/A;;;;;UdeA;;;;;;;;;;;;;;;;;;No;N/A;No;N/A;;;;;;;;;;;;
LIME - Microbiología;UPS;187630;Pendiente;;Carolina Rosero / Andres Zuluaga;Microbiologia 2 (VITEK);APC;;5MX2000RMV2V;;IND;;;;;UdeA;;;;;;;;;;;;;;;;;;Si;1;No;N/A;;;;;;;;;;;;
LIME - Microbiología;UPS;187630;Pendiente;;Carolina Rosero / Andres Zuluaga;Microbiologia 2 (VITEK);APC;;SMT22OIC;;IND;;;;;UdeA;;;;;;;;;;;;;;;;;;Si;1;No;N/A;;;;;;;;;;;;
LIME - Microbiología;UPS;187630;Pendiente;;Carolina Rosero / Andres Zuluaga;Microbiologia 2 (VITEK);AMETEK;;6112065R2110062;;IND;;;;;UdeA;;;;;;;;;;;;;;;;;;Si;1;No;N/A;;;;;;;;;;;;
LIME - Citometría de Flujo;UPS;C-LIME-002-1 / BD 1690;Pendiente;;Gloria Zapata;Citometria de Flujo (Facs Melody);POWER;2K;900022012070536;;IND;;;;;Comodato BD;;;;;;;;;;;;;;;;;;Si;1;No;N/A;;;;;;;;;;;;
LIME - Cuarto Técnico;Aire acondicionado;LIME 154;Pendiente;;General;"Cuarto Tecnico
(Detras Recepcion)";BLUELINE;MS-1210F2;3407353090291270120182;;IND;;;;;UT LIME ;;;;;;;;;;;;;;;;;;Si;6;No;N/A;;;;;;;;;;;;
LIME - Cuarto Técnico;Aire acondicionado;LIME 260;Pendiente;;General;"Cuarto Tecnico
(Lado Cafetin)";BLUELINE;MS-1210F2;3407353090291270120065;;IND;;;;;UT LIME ;;;;;;;;;;;;;;;;;;Si;6;No;N/A;;;;;;;;;;;;
LIME - Cuarto Electricidad;Aire acondicionado;LIME 153;Pendiente;;General;Cuarto Tecnico (Frente Recepcion);BLUELINE;MS-2410F2;3407597870393130120064;;IND;;;;;UT LIME ;;;;;;;;;;;;;;;;;;Si;6;No;N/A;;;;;;;;;;;;
LIME;Manifold;LIME 145;Pendiente;;Duvan Gallego;Sótano;Amico;;;;Gases;;;;;;;;;;;;;;;;;;;;;;;Si;1;Si;1;;;;;;;;;;;;
LIME;Masa para ajuste de balanza;N/A;N/A;;Gloria Ramírez;Pendiente;GIBERTINI;N/I;N/I;;N/A;;;;;;;;;;;;;;;;;;;;;;;No;N/A;No;N/A;;;;;;;;;;;;
LIME;Medidor de presion diferencial;LIME 110;Pendiente;;Gloria Ramírez;Biologia Molecular (Frente Extraccion);Dwyer;MAGNEHELIC;W46ADMB;;IND;;;;;;;;;;;;;;;;;;;;;;;No;N/A;Si;1;;;;;;;;;;;;
LIME;Medidor de presion diferencial;LIME 111;Pendiente;;Gloria Ramírez;Biologia Molecular (Frente a ducha-lavaojos);Dwyer;MAGNEHELIC;W46ADKM;;IND;;;;;;;;;;;;;;;;;;;;;;;No;N/A;Si;1;;;;;;;;;;;;
LIME;Medidor de presion diferencial;LIME 112;Pendiente;;Gloria Ramírez;Biologia Molecular (Frente a ducha-lavaojos);Dwyer;MAGNEHELIC;W47ADMP;;IND;;;;;;;;;;;;;;;;;;;;;;;No;N/A;Si;1;;;;;;;;;;;;
LIME;Medidor de presion diferencial;LIME 113;Pendiente;;Gloria Ramírez;Biologia Molecular (Al lado de ducha-lavaojos);Dwyer;MAGNEHELIC;W46ADKM;;IND;;;;;;;;;;;;;;;;;;;;;;;No;N/A;Si;1;;;;;;;;;;;;
LIME - Microbiología;Micropipeta;LIME 136;BIO-16791;15 - 166;Carolina Rosero;Microbiologia 2;VWR;;A42710248;;BIO;Clase I;ACTA No. 09 Septiembre 17 de 2014;;;;;;;;;;;;;;;;;;;;;No;N/A;No;N/A;;;;;;;;;;;;
LIME - Microbiología;Regulador de O2;LIME 430;Pendiente;;Enith Knuth;Microbiologia 1 ;IOxigen;T2012;;;Gases;;;;;;;;;;;;;;;;;;;;;;;No;N/A;Si;1;;;;;;;;;;;;
LIME - Atención de Pacientes;Salida de gas medicinal;LIME 117-1;Pendiente;;Medicos;Consultorio 1;Amico;Chemetron;;;Gases;;;;;;;;;;;;;;;;;;;;;;;Si;1;No;N/A;;;;;;;;;;;;
LIME - Atención de Pacientes;Salida de gas medicinal;LIME 118-1;Pendiente;;Medicos;Consultorio 2;Amico;Chemetron;;;Gases;;;;;;;;;;;;;;;;;;;;;;;Si;1;No;N/A;;;;;;;;;;;;
LIME - Atención de Pacientes;Salida de gas medicinal;LIME 116-1;Pendiente;;Auxiliares;"Toma de muestras
(Cubiculo 1)";Amico;Chemetron;;;Gases;;;;;;;;;;;;;;;;;;;;;;;Si;1;No;N/A;;;;;;;;;;;;
LIME - Atención de Pacientes;Salida de gas medicinal;LIME 115-1;Pendiente;;Auxiliares;"Toma de muestras
(Cubiculo 2)";Amico;Chemetron;;;Gases;;;;;;;;;;;;;;;;;;;;;;;Si;1;No;N/A;;;;;;;;;;;;
LIME - Atención de Pacientes;Salida de gas medicinal;LIME 114-1;Pendiente;;Auxiliares;"Toma de muestras
(Cubiculo 3)";Amico;Chemetron;;;Gases;;;;;;;;;;;;;;;;;;;;;;;Si;1;No;N/A;;;;;;;;;;;;
LIME - Biología Molecular;Termohigrómetro;LIME 138;Pendiente;NI;Gloria Ramírez;Biología molecular;Clock - humidity;HTC-2;NI;;BIO;Clase I;ACTA No. 03 Abril 10 de 2013 ;;;;NI;;;;;;;;;;;;;;;;;No;N/A;No;N/A;;;;;;;;;;;;
LIME - Microbiología;Timer 4 canales;LIME 039;BIO-16792;14 - 053;Enith Knuth;Microbiologia 1;Alla France;N/I;N/I;;BIO;N/A;ACTA No. 03 Abril 10 de 2013;;;;;;;;;;;;;;;;;;;;;No;N/A;Si;1;;;;;;;;;;;;
LIME;URI Acetileno;LIME 103;Pendiente;;Duvan Gallego;Cuarto de Gases;Concoa;3022352-01-510;192136VX;;Gases;;;;;;;;;;;;;;;;;;;;;;;Si;1;Si;1;;;;;;;;;;;;
LIME;URI Aire Sint.;LIME 101;Pendiente;;Duvan Gallego;Cuarto de Gases;Concoa;3024352-01-590;192136VV;;Gases;;;;;;;;;;;;;;;;;;;;;;;Si;1;Si;1;;;;;;;;;;;;
LIME;URI CO2;LIME 108;Pendiente;;Duvan Gallego;Frente al cuarto de aire acondicionado;;;;;Gases;;;;;;;;;;;;;;;;;;;;;;;Si;1;Si;1;;;;;;;;;;;;
LIME;URI Helio;LIME 102;Pendiente;;Duvan Gallego;Cuarto de Gases;Concoa;3024352-01-580;192136VT;;Gases;;;;;;;;;;;;;;;;;;;;;;;Si;1;Si;1;;;;;;;;;;;;
LIME;URI N2;LIME 100;Pendiente;;Duvan Gallego;Cuarto de Gases;Concoa;3024352-01-580;192136VQ;;Gases;;;;;;;;;;;;;;;;;;;;;;;Si;1;Si;1;;;;;;;;;;;;
LIME;URI O2 Medicinal;Pendiente;Pendiente;;Duvan Gallego;Pendiente;;;;;Gases;;;;;;;;;;;;;;;;;;;;;;;Si;1;Si;1;;;;;;;;;;;;
LIME;URI O2 UAP;LIME 099;Pendiente;;Duvan Gallego;Cuarto de Gases;Concoa;3023352-01-000;177101TN;;Gases;;;;;;;;;;;;;;;;;;;;;;;Si;1;Si;1;;;;;;;;;;;;
LIME;URPT Acetileno;LIME 094;Pendiente;;Andres Hincapie;Absorcion Atomica;Concoa;2055082-01-000;192136W6;;Gases;;;;;;;;;;;;;;;;;;;;;;;Si;1;Si;1;;;;;;;;;;;;
LIME;URPT Aire Com.;LIME 086;Pendiente;;Gloria Zapata;Procesamiento Seccion A;Airtac;URM10221;NI;;Gases;;;;;;;;;;;;;;;;;;;;;;;Si;1;Si;1;;;;;;;;;;;;
LIME;URPT Aire Com.;LIME 088;Pendiente;;Juan Carlos Herrera;Procesamiento Seccion B;Airtac;URM10221;NI;;Gases;;;;;;;;;;;;;;;;;;;;;;;Si;1;Si;1;;;;;;;;;;;;
LIME;URPT Aire Com.;LIME 090;Pendiente;;Andres Hincapie;Procesamiento Seccion C;Airtac;URM10221;NI;;Gases;;;;;;;;;;;;;;;;;;;;;;;Si;1;Si;1;;;;;;;;;;;;
LIME;URPT Aire Com.;LIME 092;Pendiente;;Andres Hincapie;Procesamiento Seccion C;Airtac;URM10221;NI;;Gases;;;;;;;;;;;;;;;;;;;;;;;Si;1;Si;1;;;;;;;;;;;;
LIME;URPT Aire Com.;LIME 095;Pendiente;;Andres Hincapie;Absorcion Atomica;Airtac;URM10221;NI;;Gases;;;;;;;;;;;;;;;;;;;;;;;Si;1;Si;1;;;;;;;;;;;;
LIME;URPT Aire Sint.;LIME 097;Pendiente;;Estefania Vasco;Cromatografia Gaseosa;Concoa;2054082-01-000;1921;;Gases;;;;;;;;;;;;;;;;;;;;;;;Si;1;Si;1;;;;;;;;;;;;
LIME;URPT CO2;LIME 105;Pendiente;;Gloria Ramírez;Biologia Molecular (Cultivo);Concoa;2053082-57-000;18511MX0;;Gases;;;;;;;;;;;;;;;;;;;;;;;Si;1;Si;1;;;;;;;;;;;;
LIME;URPT CO2;LIME 106;Pendiente;;Gloria Ramirez  ;Biologia Molecular (Cultivo);Concoa;2052082-01-000;192136W8;;Gases;;;;;;;;;;;;;;;;;;;;;;;Si;1;Si;1;;;;;;;;;;;;
LIME;URPT Helio;LIME 096;Pendiente;;Estefania Vasco;Cromatografia Gaseosa;Concoa;2054082-01-000;192136W5;;Gases;;;;;;;;;;;;;;;;;;;;;;;Si;1;Si;1;;;;;;;;;;;;
LIME;URPT N2;LIME 098;Pendiente;;Estefania Vasco;Cromatografia Gaseosa;Concoa;2054082-01-000;192136W2;;Gases;;;;;;;;;;;;;;;;;;;;;;;Si;1;Si;1;;;;;;;;;;;;
LIME;URPT O2 UAP;LIME 093;Pendiente;;Andres Hincapie;Absorcion Atomica;Concoa;2053082-01-000;18C12RND;;Gases;;;;;;;;;;;;;;;;;;;;;;;Si;1;Si;1;;;;;;;;;;;;
LIME - Cuarto Electricidad;UPS con banco de baterías adicional;LIME 148;Pendiente;;General;Cuarto Tecnico (Frente Recepcion);MTEK;JAL1102L;1512100058;;IND;;;;;;;;;;;;;;;;;;;;;;;Si;1;No;N/A;;;;;;;;;;;;
LIME - Cuarto Electricidad;UPS con banco de baterías adicional;LIME 149;Pendiente;;General;Cuarto Tecnico (Frente Recepcion);MTEK;JAL1103L;1703110216;;IND;;;;;;;;;;;;;;;;;;;;;;;Si;1;No;N/A;;;;;;;;;;;;
LIME - Microbiología;UPS;LIME 259;Pendiente;;Enith Knuth;Microbiologia 1 ;APC;Smart-UPS 1500;3S2029X12512;;IND;;;;;;;;;;;;;;;;;;;;;;;Si;1;No;N/A;;;;;;;;;;;;
LIME - Cuarto Electricidad;UPS;LIME 366;Pendiente;;General;Cuarto Tecnico (Frente Recepcion);Netion;EA906IIRS;900062006300126;;IND;;;;;;;;;;;;;;;;;;;;;;;Si;1;No;N/A;;;;;;;;;;;;
LIME - Cuarto Electricidad;UPS;LIME 367;Pendiente;;General;Cuarto Tecnico (Frente Recepcion);Ablerex;MSIII6000RTGTMWS;MA82459970005;;IND;;;;;;;;;;;;;;;;;;;;;;;Si;1;No;N/A;;;;;;;;;;;;
LIME - Hematología;UPS;LIME 381;Pendiente;;Gloria Zapata;Procesamiento Seccion A (Analizador CS2500);APC;BR1500 R2-LM;4B2051P08526;;IND;;;;;;;;;;;;;;;;;;;;;;;Si;1;No;N/A;;;;;;;;;;;;
LIME - Microbiología;Nevera Portatil;LIME 385;Pendiente;;Enith Knuth;Microbiologia 2;Biobase;LCX-6L;20010172;;IND;;;;;;;;;;;;;;;;;;;;;;;No;N/A;No;N/A;;;;;;;;;;;;
LIME;Timer 3 canales;LIME 051;BIO-16793;14 - 053;Auxiliares;Área Centrífugas;Kex Germany;PS-370;NI;;BIO;N/A;ACTA No. 03 Abril 10 de 2013;;17/09/2021;UT LIME;NI;811.045.767-6;LABORATORIOS OSSALUD S.A.S;No;N/A;Compra;Factura;OSS7649;$ 65.450;;;;;;;;;No;N/A;Si;1;;;;;;;;;;;;
LIME - Farmacología y Toxicología;Timer 3 canales;LIME 050;BIO-16725;14 - 053;Estefania Vasco;Cromatografía Gaseosa;Kex Germany;PS-370;2021-06;;BIO;N/A;ACTA No. 03 Abril 10 de 2013;;17/09/2021;UT LIME;NI;811.045.767-6;LABORATORIOS OSSALUD S.A.S;No;N/A;Compra;Factura;OSS7649;$ 65.450;;;;;;;;;No;N/A;Si;1;;;;;;;;;;;;
LIME - Microbiología;Timer 3 canales;LIME 132;BIO-16794;14 - 053;Enith Knuth;Microbiologia 1;Kex Germany;PS-370;2021-06;;BIO;N/A;ACTA No. 03 Abril 10 de 2013;;17/09/2021;;NI;811.045.767-6;LABORATORIOS OSSALUD S.A.S;No;N/A;Compra;Factura;OSS7649;$ 65.450;;;;;;;;;No;N/A;Si;1;;;;;;;;;;;;
LIME - Almacen;Nevera;LIME 387;Pendiente;13 - 315;Duvan Gallego;Almacen;Imbera;G326;G32210880435;;IND;;;;Factura 10/08/2021;;;901.094.506-6;Tecnifrio;;;Compra;Factura;TFS 1501;5355000;;;;;;;;;Si;1;Si;1 (Calificación);;;;;;;;;;;;
LIME - Microbiología;Quemador de asas;LIME 388;BIO-16796;16 - 523;Enith Knuth;Microbiologia 2;Sin marca ;HY-800;MU2019090062;;BIO;N/A;No es considerado dispositivo médico;;Orden de compra 12/10/2021 Factura 22/10/2021;;nov-20;811.026.956-0;MR Y CIA S.A.S;;;Compra;Factura;MRE14155;$ 1.927.800;;;;;;;;;Si;1;No;N/A;;;;;;110VAC;3 A;;;;;Frecuencia 60 Hz
LIME - Cuarto Frío;Aire acondicionado;LIME 407;Pendiente;;General;Cuarto Frio;Samsung;AR24TVF2AWKN;0GTPDBR900062D;;IND;;;;;;;;;;;;;;;;;;;;;;;Si;6;No;N/A;;;;;;;;;;;;
LIME - Hematología;Contador de células;LIME 412;BIO-16797;15 - 112;Gloria Zapata;Procesamiento Seccion A;Indulab;CG-97;16596;;BIO;N/A;No es considerado dispositivo médico;;25/05/2022;;;811.026.956-0;MR Y CIA S.A.S;;;Compra;Factura;MRE 15488;$ 1.844.500;;;;;;;;;Si;1;No;N/A;;;;;;;;;;;;
LIME - BSL3;Medidor de presion diferencial;LIME 427;Pendiente;;Ivone Jimenez;BSL3 (Procesamiento);Dwyer;MAGNESENSE MSX;070D3R;;IND;;;;;;;;;;;;;;;;;;;;;;;No;N/A;Si;1;;;;;;;;;;;;
LIME - BSL3;Medidor de presion diferencial;LIME 416;Pendiente;;Ivone Jimenez;BSL3 (Ingreso);Dwyer;MAGNESENSE MSX;04NWJY;;IND;;;;;;;;;;;;;;;;;;;;;;;No;N/A;Si;1;;;;;;;;;;;;
LIME - BSL3;Medidor de presion diferencial;LIME 417;Pendiente;;Ivone Jimenez;BSL3 (Ingreso);Dwyer;MAGNESENSE MSX;070D3S;;IND;;;;;;;;;;;;;;;;;;;;;;;No;N/A;Si;1;;;;;;;;;;;;
LIME - BSL3;Medidor de presion diferencial;LIME 426;Pendiente;;Ivone Jimenez;BSL3 (Procesamiento);Dwyer;MAGNESENSE MSX;070D3X;;IND;;;;;;;;;;;;;;;;;;;;;;;No;N/A;Si;1;;;;;;;;;;;;
LIME - BSL3;Medidor de presion diferencial;LIME 418;Pendiente;;Ivone Jimenez;BSL3 (Ingreso);Dwyer;MAGNESENSE MSX;070D3M;;IND;;;;;;;;;;;;;;;;;;;;;;;No;N/A;Si;1;;;;;;;;;;;;
LIME - BSL3;Medidor de presion diferencial;LIME 419;Pendiente;;Ivone Jimenez;BSL3 (Ingreso);Dwyer;MAGNEHELIC;W09AHCG;;IND;;;;;;;;;;;;;;;;;;;;;;;No;N/A;Si;1;;;;;;;;;;;;
LIME - BSL3;Medidor de presion diferencial;LIME 422;Pendiente;;Ivone Jimenez;BSL3 (Vestier);Dwyer;MAGNEHELIC;W34AGTM;;IND;;;;;;;;;;;;;;;;;;;;;;;No;N/A;Si;1;;;;;;;;;;;;
LIME - BSL3;Medidor de presion diferencial;LIME 428;Pendiente;;Ivone Jimenez;BSL3 (Procesamiento);Dwyer;MAGNEHELIC;W09AHCG;;IND;;;;;;;;;;;;;;;;;;;;;;;No;N/A;Si;1;;;;;;;;;;;;
LIME - BSL3;Regulador de O2;LIME 431;Pendiente;;Ivone Jimenez;BSL3 (Procesamiento);IOxigen;T2012;31AJ1142;;Gases;;;;;;;;;;;;;;;;;;;;;;;No;N/A;Si;1;;;;;;;;;;;;
LIME - BSL3;URPT CO2;LIME 429;Pendiente;;Ivone Jimenez;BSL3 (Procesamiento);Gases especiales;;;;Gases;;;;;;;;;;;;;;;;;;;;;;;Si;1;Si;1;;;;;;;;;;;;
LIME;Regulador de Voltaje;LIME 595;Pendiente;;General;Cuarto frio (ultracongelador Thermo);magom;EV 4000;3177759;;;;;;;;;;;;;;;;;;;;;;;;;Si;1;No;N/A;;;;;;;;;;;;
LIME - Cuarto Electricidad;Regulador de voltaje;LIME 150;Pendiente;;General;Cuarto Tecnico (Frente Recepcion);MTEK;SPR30KVA-22A;PS14438;;IND;;;;;;;;;;;;;;;;;;;;;;;Si;1;No;N/A;;;;;;;;;;;;
LIME - BSL3;Regulador de voltaje;LIME 432;Pendiente;;Ivone Jimenez;BSL3 (Procesamiento);Magom;EV4000;2941597;;IND;;;;;;;;;;;;;;;;;;;;;;;Si;1;No;N/A;;;;;;;;;;;;
LIME - BSL3;Regulador de voltaje;LIME 517;Pendiente;;Ivone Jimenez;BSL3 (Procesamiento);Asoelectro;3KVA;;;IND;;;;;;;;;;;;;;;;;;;;;;;Si;1;No;N/A;;;;;;;;;;;;
LIME - Microbiología;Micropipeta multicanal;LIM E 130;BIO-16280;15 - 166;Enith Knuth;Microbiologia 1;CAPP;8 canales;HE 10362;;BIO;Clase I;ACTA No. 09 Septiembre 17 de 2014;;;;;;;;;;;;;;;;;;;;;Si;1;Si;1;;;;;;;;;;;;
LIME - Atención de Pacientes;Equipo de Organos;174012;BIO-16799;12 - 815              12 - 849;Medicos / Andres Zuluaga;Recepcion;Welch Allyn;Equipo  de Organos y ojo;732094195958 (Equipo de oídos)        732094195934 (Equipo de ojos);;BIO;Clase I;INVIMA 2017DM-0017337 (oftalmoscopio)                             INVIMA 2017DM-0017343 (otoscopio);;02/01/2023;UdeA;;900.494.362-5;Tecnomedica  ;;;Compra;Factura;VI45873;;;;;;;;;;Si;1;No;N/A;;;;;;;;;;;;
LIME - Atención de Pacientes;Fonendoscopio;LIME 121;BIO-16800;13 - 750;Medicos / Andres Zuluaga;Recepcion;GMD;GMD30-DCK;IMP-1163;;BIO;Clase I;INVIMA 2015DM-0014070;;18/01/2023;UT LIME;;717890804;MILTON VLADIMIR MARIN JARAMILLO Top medicos;;;Compra;Factura;FE-7405;$ 104.000;;;;;;;;;Si;1;No;N/A;;;;;;;;;;;;
LIME - Atención de Pacientes;Tensiometro;LIME 120;BIO-16801;13 - 106;Medicos / Andres Zuluaga;Consultorio 1;GMD;GMD60-T20;IMP-1320;;BIO;Clase I;INVIMA 2015DM-0014068;;18/01/2023;UT LIME;;717890804;MILTON VLADIMIR MARIN JARAMILLO Top medicos;;;Compra;Factura;FE-7405;$ 142.000;;;;;;;;;Si;1;Si;1;;;;;;;;;;;;
LIME - Atención de Pacientes;Equipo de organos;174014;BIO-16802;12 - 815              12 - 849;Duvan Gallego / Andres Zuluaga;Almacen;Welch Allyn;Equipo  de Organos y ojo;732094195958 (Equipo de oídos)        732094195934 (Equipo de ojos);;BIO;Clase I;INVIMA 2017DM-0017337 (oftalmoscopio)                             INVIMA 2017DM-0017343 (otoscopio);;02/01/2023;UdeA;;900.494.362-5;Tecnomedica  ;;;Compra;Factura;VI45873;;;;;;;;;;Si;1;No;N/A;;;;;;;;;;;;
LIME - Atención de Pacientes;Fonendoscopio;LIME 123;BIO-16803;13 - 750;Duvan Gallego / Andres Zuluaga;Almacen;GMD;GMD30-DCK;IMP-1214;;BIO;Clase I;INVIMA 2015DM-0014070;;18/01/2023;UT LIME;;717890804;MILTON VLADIMIR MARIN JARAMILLO Top medicos;;;Compra;Factura;FE-7405;$ 104.000;;;;;;;;;Si;1;No;N/A;;;;;;;;;;;;
LIME - Atención de Pacientes;Tensiometro;LIME 119;Pendiente;13 - 106;Medicos / Andres Zuluaga;Consultorio 2;GMD;GMD60-T20;NI;;BIO;Clase I;INVIMA 2015DM-0014068;;18/01/2023;UT LIME;;717890804;MILTON VLADIMIR MARIN JARAMILLO Top medicos;;;Compra;Factura;FE-7405;$ 142.000;;;;;;;;;No;N/A;No;N/A;;;;;;;;;;;;
LIME - Atención de Pacientes;Desfibrilador;204164;BIO-17239;;General / Andres Zuluaga;Sala de espera;AED;CU-SP1;;;BIO;;;;23/03/2023;;;71789080;MILTON VLADIMIR MARIN JARAMILLO Top medicos;;;Compra;Factura;FE-8157;;;;;;;;;;Si;4;No;N/A;;;;;;;;;;;;
LIME - Química e inmunología;Analizador Multiensayo;LIME 260;Pendiente;;;Procesamiento Sección B;Abbott;AFINION 2;AF20036841;;BIO;;;;;;;;;;;;;;;;;;;;;;;No;N/A;No;N/A;;;;;;;;;;;;
LIME;Centrífuga refrigerada;LIME 521;BIO-15901;;;Cuarto alicuotas;Thermo Scientific;SORVALL ST1R PLUS;43082374;;BIO;;;;;UT LIME;;;;;;;;;;;;;;;;;;Si;1;Si;1;;;;;;;;;;;;
LIME - Química e inmunología;Analizador de química   ;Pendiente;BIO-15870;;;Procesamiento Sección B;Roche;Cobas C-311;15B1-02;;BIO;;;;;;;;;;;;;;;;;;;;;;;No;N/A;No;N/A;;;;;;;;;;;;
LIME - Microbiología;Analizador de orina;LIME 537;BIO-17240;;;Microbiología 1;URIT;URIT - 180;180Y00178;;BIO;Clase IIa;INVIMA 2019DM-0019258;;;UT LIME;jul-23;;Annar;;;;;;;;;;;;;;;Si;1;No;N/A;;;;;;;;;;;;
LIME;Termómetro digital;LIME 069;BIO-17244;;;Contingencia;Halthen;TA-268;29534;;BIO;N/A;ACTA No. 07 Junio 10 de 2009;;14/06/2023;UT LIME;NI;900.355.024-5;Equipos y laboratorio;N/A;N/A;Compra;Factura;FE11037;$ 261.800;;;;;;;;;No;N/A;Si;1;;;;;;;;;;;;
LIME;Termómetro digital;LIME 070;BIO-17245;;;Nevera de transporte de muestras;Halthen;TA-268;29848;;BIO;N/A;ACTA No. 07 Junio 10 de 2009;;14/06/2023;UT LIME;NI;900.355.024-5;Equipos y laboratorio;N/A;N/A;Compra;Factura;FE11037;$ 261.800;;;;;;;;;No;N/A;Si;1;;;;;;;;;;;;
LIME;Termómetro digital;LIME 129;Pendiente;;;Contingencia;Halthen;TA-268;29825;;BIO;N/A;ACTA No. 07 Junio 10 de 2009;;14/06/2023;UT LIME;NI;900.355.024-5;Equipos y laboratorio;N/A;N/A;Compra;Factura;FE11037;$ 261.800;;;;;;;;;No;N/A;No;N/A;;;;;;;;;;;;
LIME;Termómetro digital;LIME 064;Pendiente;;;Biología molecular cultivo (incubadora BIO-12257);Halthen;TA-268;29846;;BIO;N/A;ACTA No. 07 Junio 10 de 2009;;14/06/2023;UT LIME;NI;900.355.024-5;Equipos y laboratorio;N/A;N/A;Compra;Factura;FE11037;$ 261.800;;;;;;;;;No;N/A;No;N/A;;;;;;;;;;;;
LIME;Termómetro digital;LIME 081;BIO-17246;;;Cuarto frío (congelador);Halthen;TA-268;29876;;BIO;N/A;ACTA No. 07 Junio 10 de 2009;;14/06/2023;UT LIME;NI;900.355.024-5;Equipos y laboratorio;N/A;N/A;Compra;Factura;FE11037;$ 261.800;;;;;;;;;No;N/A;Si;1;;;;;;;;;;;;
LIME;Termohigrómetro;LIME 044;BIO-17247;;;Cromatografía gaseosa;Halthen;TTH-002;31094;;BIO;Clase I;ACTA No. 03 Abril 10 de 2013 ;;14/06/2023;UT LIME;NI;900.355.024-5;Equipos y laboratorio;N/A;N/A;Compra;Factura;FE11037;$ 276.080;;;;;;;;;No;N/A;Si;1;;;;;;;;;;;;
LIME;Termohigrómetro;LIME 043;BIO-17248;;;Contingencia;Halthen;TTH-002;31105;;BIO;Clase I;ACTA No. 03 Abril 10 de 2013 ;;14/06/2023;UT LIME;NI;900.355.024-5;Equipos y laboratorio;N/A;N/A;Compra;Factura;FE11037;$ 276.080;;;;;;;;;No;N/A;Si;1;;;;;;;;;;;;
LIME;Termohigrómetro;LIME 127;BIO-17249;;;Alamcen;Halthen;TTH-002;31089;;BIO;Clase I;ACTA No. 03 Abril 10 de 2013 ;;14/06/2023;UT LIME;NI;900.355.024-5;Equipos y laboratorio;N/A;N/A;Compra;Factura;FE11037;$ 276.080;;;;;;;;;No;N/A;Si;1;;;;;;;;;;;;
LIME;Termohigrómetro;LIME 074;BIO-17250;;;Incubadora citogenomica;Halthen;TTH-002;31085;;BIO;Clase I;ACTA No. 03 Abril 10 de 2013 ;;14/06/2023;UT LIME;NI;900.355.024-5;Equipos y laboratorio;N/A;N/A;Compra;Factura;FE11037;$ 276.080;;;;;;;;;No;N/A;Si;1;;;;;;;;;;;;
LIME - Microbiología;Timer;LIME 076;BIO-17251;;Carolina Rosero;Microbiología 1;Traceable;"5008
94461-23";230196508;;BIO;N/A;ACTA No. 07 Junio 10 de 2009 indica que no requiere registro sanitario, y se rectifica en ACTA No. 03 Abril 10 de 2013 ;;10/07/2023;UT LIME;;800.154.351-3;BLAMIS DOTACIONES LABORATORIO S.A.S;;;Compra;Factura;E138048;$ 246.806;;;;;;;;;No;N/A;Si;1;;;;;;;;;;;;
LIME - Hematología;Timer;LIME 041;BIO-17252;;Estefania Vasco;Procesamiento Seccion A;Traceable;"5008
94461-23";230196502;;BIO;N/A;ACTA No. 07 Junio 10 de 2009 indica que no requiere registro sanitario, y se rectifica en ACTA No. 03 Abril 10 de 2013 ;;;UT LIME;;800.154.351-3;BLAMIS DOTACIONES LABORATORIO S.A.S;;;Compra;Factura;E138048;$ 246.806;;;;;;;;;No;N/A;Si;1;;;;;;;;;;;;
LIME - Microbiología;Timer;LIME 075;BIO-17253;;Enith Kunt;Microbiología 2;Traceable;"5008
94461-23";230196504;;BIO;N/A;ACTA No. 07 Junio 10 de 2009 indica que no requiere registro sanitario, y se rectifica en ACTA No. 03 Abril 10 de 2013 ;;;UT LIME;;800.154.351-3;BLAMIS DOTACIONES LABORATORIO S.A.S;;;Compra;Factura;E138048;$ 246.806;;;;;;;;;No;N/A;Si;1;;;;;;;;;;;;
LIME - Citogenómica;UPS;LIME 510;Pendiente;;Gloria Ramirez;Biología molecular (Computador Felipe Garcia);Femto;FT-1000;1011-190713-0057;;IND;;;;;UT LIME;;;;;;;;;;;;;;;;;;Si;1;No;N/A;;;;;;;;;;;;
LIME - Farmacología y Toxicología;UPS;LIME 509;Pendiente;;Andres Hincapie;Cromatografía gaseosa (computador cromatografo);Femto;FT-1000;1011-190713-0052;;IND;;;;;UT LIME;;;;;;;;;;;;;;;;;;Si;1;No;N/A;;;;;;;;;;;;
LIME - Citometría de Flujo;Citómetro de Flujo;C-LIME-002;BIO-16805;;Gloria Zapata;Citometría de flujo;BD;Facs Canto II;V33896101610;;BIO;;;;;Comodato BD;;;;;;;;;;;;;;;;;;Si;2;No;N/A;;;;;;;;;;;;
LIME - Química e inmunología;Analizador de multiensayo;LIME 488;BIO-16806;;Juan Carlos Herrera;Área de procesamiento B;Abbott;AFINION 2;AF20063623;;BIO;;;;;UT LIME;;;;;;;;;;;;;;;;;;No;NR;No;N/A;;;;;;;;;;;;
LIME;Caja de corte de oxigeno;N/A;Pendiente;;General;Corredor principapal de acceso al laboratorio;;;;;Gases;;;;;;;;;;;;;;;;;;;;;;;Si;1;No;N/A;;;;;;;;;;;;
LIME;Alarma de oxigeno;N/A;Pendiente;;General;Toma de muestras;;;;;Gases;;;;;;;;;;;;;;;;;;;;;;;Si;1;No;N/A;;;;;;;;;;;;
LIME - BSL3;Aire acondicionado BSL3;Pendiente;Pendiente;;;;;;;;IND;;;;;;;;;;;;;;;;;;;;;;;Si;12;No;N/A;;;;;;;;;;;;
LIME - Atención de Pacientes;Tensiometro analogo;LIME 648;BIO-17241;;Sara Ochoa Soto / Medicos;Metrología;GMD;ARTERY 300;NI;;BIO;;INVIMA 2020DM-0022524;;15/11/2024;UT LIME;04/2024;71789080;MILTON VLADIMIR MARIN JARAMILLO Top medicos;;;Compra;Factura;;;;;;;;;;;Si;1;Si;1;;;;;;;;;;;;
LIME - Atención de Pacientes;Tensiometro digital;LIME 649;BIO-17242;;Sara Ochoa Soto / Medicos;Metrología;GMD;KARDYO 100;20031150B230402440;;BIO;;INVIMA 2023DM-0027007;;15/11/2024;UT LIME;;71789080;MILTON VLADIMIR MARIN JARAMILLO Top medicos;;;Compra;Factura;;;;;;;;;;;Si;1;Si;1;;;;;;;;;;;;
LIME - Atención de Pacientes;Fonendoscopio;LIME 126;BIO-17243;;Medicos;Consultorio 1;Prestige Medicas;;;;BIO;;;;;;;;;;;;;;;;;;;;;;;Si;1;No;N/A;;;;;;;;;;;;
LIME;Congelador;LIME 641;Pendiente;15 - 583;Transversal ;Hospital Alma Mater de antioquia, sede ambulatoria Prado, Bloque B, segundo piso, Hematología;Infrico;LTF40SD;3000957827;;BIO;Clase IIa;INVIMA 2023DM-0026731;;"Entrega 13/12/2024 
Instalación  16/12/2024";UT LIME;;800.154.351-3;BLAMIS DOTACIONES LABORATORIO S.A.S;Si;11/12/2025;Compra;Factura;E 160790;$ 18.203.002;;;;;;;;;Si;2;Si;2 (Calificación);;;;;;;;;;;;
LIME - Almacen;Congelador;LIME 642;Pendiente;15 - 583;Duvan Gallego;Hospital Alma Mater de antioquia, sede ambulatoria Prado, Bloque B, segundo piso, Almacen;Infrico;LTF40SD;3000957831;;BIO;Clase IIa;INVIMA 2023DM-0026731;;"Entrega 13/12/2024 
Instalación  16/12/2024";UT LIME;;800.154.351-3;BLAMIS DOTACIONES LABORATORIO S.A.S;Si;11/12/2025;Compra;Factura;E 160790;$ 18.203.002;;;;;;;;;Si;2;Si;2 (Calificación);;;;;;;;;;;;
LIME - Citogenómica;UPS;LIME 599;Pendiente;;Gloria Ramirez;FISH (Preanalitica);Mtek;JAL1102S;UI01242260225;;IND;;;;08/05/2024;UT LIME;;;Dattics S.A.S.;Si;;Compra;Factura;COAL7144;$ 1.743.965;;;;;;;;;Si;1;No;N/A;;;;;;;;;;;;
Llime;UPS;LIME 600;Pendiente;;Nueva;Contingencia;Mtex;JAL1102S;UI01242260229;;IND;;;;08/05/2024;UT LIME;;;Dattics S.A.S.;Si;;Compra;Factura;COAL7144;$ 1.743.965;;;;;;;;;Si;1;No;N/A;;;;;;;;;;;;
Llime;Termometro;MC LIME-045;Pendiente;;;"Cuarto Frio
(Congelador Electrolux)";HALTHEN;TA268;32141;;BIO;N/A;ACTA No. 07 Junio 10 de 2009;;Factura 6/05/2025;UT LIME;;900.355.024-5;Equipos y laboratorio de Colombia;;;Compra;Factura;FE15294; $ 230.860 ;;;;;;;;;No;N/A;Si;1;;;;;;;;;;;;
Llime;Termometro;MC LIME-046;Pendiente;;;;HALTHEN;TA268;29884;;BIO;N/A;ACTA No. 07 Junio 10 de 2009;;Factura 6/05/2025;UT LIME;;900.355.024-5;Equipos y laboratorio de Colombia;;;Compra;Factura;FE15294; $ 230.860 ;;;;;;;;;No;N/A;Si;1;;;;;;;;;;;;
Llime;Termohigrometro;MC LIME-047;Pendiente;;;;HALTHEN;TTH-002;33541;;BIO;Clase I;ACTA No. 03 Abril 10 de 2013 ;;Factura 6/05/2025;UT LIME;;900.355.024-5;Equipos y laboratorio de Colombia;;;Compra;Factura;FE15294; $ 255.850 ;;;;;;;;;No;N/A;Si;1;;;;;;;;;;;;
Llime;Termohigrometro;MC LIME-048;Pendiente;;;;HALTHEN;TTH-002;33540;;BIO;Clase I;ACTA No. 03 Abril 10 de 2013 ;;Factura 6/05/2025;UT LIME;;900.355.024-5;Equipos y laboratorio de Colombia;;;Compra;Factura;FE15294; $ 255.850 ;;;;;;;;;No;N/A;Si;1;;;;;;;;;;;;
Llime;Timer 4 canales;;Pendiente;;;;Traceable;5004TR;250071717;;BIO;N/A;ACTA No. 07 Junio 10 de 2009 indica que no requiere registro sanitario, y se rectifica en ACTA No. 03 Abril 10 de 2013 ;;Factura 10/06/2025;UT LIME;;800.154.351-3;BLAMIS DOTACIONES LABORATORIO S A S;;;Compra;Factura;E 168349; $ 228.480 ;;;;;;;;;No;N/A;Si;1;;;;;;;;;;;;
Llime;Timer 4 canales;;Pendiente;;;;Traceable;5004TR;250071719;;BIO;N/A;ACTA No. 07 Junio 10 de 2009 indica que no requiere registro sanitario, y se rectifica en ACTA No. 03 Abril 10 de 2013 ;;Factura 10/06/2025;UT LIME;;800.154.351-3;BLAMIS DOTACIONES LABORATORIO S A S;;;Compra;Factura;E 168349; $ 228.480 ;;;;;;;;;No;N/A;Si;1;;;;;;;;;;;;
LIME;Balanza de mano;LIME 124;Pendiente;NT;Alejandro Ospina;Procesamiento Seccion Administrativa;Pingkang;NI ;Negro y naranja;;IND;NI;NI;;NI;;NI;NI;NI;NI;NI;NI;NI;NI;;;;;;;;;;No;N/A;No;N/A;NI;NI;NI;NI;NI;N/A;N/A;N/A;N/A;N/A;N/A;N/A
LIME - Hematología;Termohigrómetro;LIMETH9;Pendiente;13 - 994;Gloria Zapata;Área de procesamiento (hematología);N/I;HTC-2;N/I;;BIO;Clase I;ACTA No. 03 Abril 10 de 2013 ;;NI;;NI;NI;NI;No;N/A;NI;NI;NI;;SI;;;;;;;;No;N/A;No;N/A;Temperatura / Humedad;"T. -10 a 50 °C 
10 a 99%HR";0.1 °C/°F                                                                                            1% HR;NI;NI;N/A;N/A;N/A;N/A;N/A;N/A;N/A
LIME - Hematología;Timer;091652 / LIMETI4; Pendiente;14 - 053;Gloria Zapata;Área de procesamiento (Hematologia);N/I;N/I;N/I;;BIO;N/A;ACTA No. 03 Abril 10 de 2013 ;;NI;;NI;NI;NI;No;N/A;NI;NI;NI;;SI;;;;;SI;;;No;N/A;No;N/A;Tiempo;99 h: 59 min, 59 s;1s;NI;NI;N/A;N/A;N/A;N/A;N/A;N/A;N/A
LIME - Hematología;Analizador de hematología;NT;BIO-12230;N/A;Gloria Zapata;N/A;Urit;5180;5180E-01005;;BIO;N/A;N/A;;N/A;;N/A;N/A;N/A;N/A;N/A;N/A;N/A;N/A;;N/A;N/A;N/A;N/A;N/A;N/A;N/A;;No;N/A;No;N/A;N/A;N/A;N/A;N/A;N/A;NI;NI;NI;NI;NI;NI;NI
LIME - Hematología;Refrigerador;135307;Pendiente;13-315;Gloria Zapata;Área de procesamiento;Haceb;RVC-15NOM;K091177020;;IND;N/A;N/A;;10/12/2009;;NI;890.934.939-8;Almacén Navarro Ospina S.A.;No;N/A;Compra;Factura;47736;;SI;;;;;;;;No;N/A;No;N/A;Temperatura;0 - 10 °C;NI;0-10ºC;NI;NI;NI;NI;NI;NI;NI;NI
LIME - Hematología;Timer;95670;BIO-12208;14-053;Gloria Zapata;Lavado y desinfección;N/I;N/I;N/I;;BIO;N/A;ACTA No. 07 Junio 10 de 2009 indica que no requiere registro sanitario, y se rectifica en ACTA No. 03 Abril 10 de 2013 ;;21/2/2000;;NI;71.657.167-1;Sumisalud;No;N/A;Compra;Factura;1568;;SI;;;;;SI;;;No;N/A;No;N/A;Tiempo;"(59:59,99) min;s,00";1 s;Variable;NI;N/A;N/A;N/A;N/A;N/A;N/A;N/A
LIME - Microbiología;Micropipeta multicanal;NT;Pendiente;15 - 166;Carolina Rosero  ;Microbiología 1 ;DLAB;N/I;YM171AA0016605;;BIO;Clase I;ACTA No. 09 Septiembre 17 de 2014;;31/3/2020;;NI;811.026.956-0;MR y Cia S.A.S;No;03/2021;Compra;Factura;MRE 10890;;SI;SI;SI;;SI;SI;;;No;N/A;No;N/A;Volumen;0,5 - 10uL;0,1 uL;NI;NI;N/A;N/A;N/A;N/A;N/A;N/A;N/A
LIME - Microbiología;Microscopio;92521;BIO-12252;18 - 283;Carolina Rosero;Microbiología 1 ;Carl Zeiss;Axiolab;986810;;BIO;Clase I;Antes de 2009 - CIRCULAR EXTERNA Nº 1000-0085-18;;29/7/1998;;NI;NI;Zeiss;No;N/A;Compra;Factura;2040053204;;SI;;SI;;;SI;;;No;N/A;No;N/A;N/A;N/A;N/A;N/A;N/A;NI;NI;NI;NI;NI;NI;NI
LIME - Microbiología;Termohigrómetro;THAdmi / LIMETH10; BIO-12197;13 - 994;Carolina Rosero y Gloria Ramírez;Microbiología 1 ;Halthen;TTH-002;7427;;BIO;Clase I;ACTA No. 03 Abril 10 de 2013 ;;NI;;NI;NI;NI;No;N/A;NI;NI;NI;;SI;;SI (Brochure y guía de manejo);;SI;SI;;;No;N/A;No;N/A;Temperatura / Humedad;"Temp interior: 0 a 50 °C (32 a 122 °F).
Temp exterior: -50 a70°C (-58a 158 °F).
Humedad relativa: 15 a 95 % HR";"Temperatura: 0,1 °C (0,1°F)
Humedad: 1 %HR";NI;NI;N/A;N/A;N/A;N/A;N/A;N/A;N/A
LIME - Microbiología;Timer;LIMETI9;Pendiente;14 - 053;Carolina Rosero;Microbiología 1 ;Alla France;04404354;N/I;;BIO;N/A;ACTA No. 03 Abril 10 de 2013 ;;NI;;NI;NI;NI;No;N/A;NI;NI;NI;;SI;;;;;SI;;;No;N/A;No;N/A;Tiempo;99 h: 59 min, 59 s;1s;NI;NI;N/A;N/A;N/A;N/A;N/A;N/A;N/A
LIME - Microbiología;Equipo de extracción automatizado;NT;Pendiente;NI;Carolina Rosero;Microbiología 1 ;SANSURE BIOTECH;NATCH CS;190904-SX233;;BIO;N/A;N/A;;2020;;28/10/2019;NI;NI;No;N/A;Donación;NT;NT;;SI;;SI (ING);;SI;;;;No;N/A;No;N/A;N/A;N/A;N/A;N/A;N/A;NI;NI;NI;NI;NI;NI;NI
LIME - Microbiología;Microscopio;122334;BIO-12126;12 - 536;Enith Knuth / Omar Vesga;"Prestado SIU
Lab 630 GRIPE";Nikon;Eclipse E200;851943;;BIO;Clase I;INVIMA 2013DM-0010750;;1/2/2007;;NI;860.000.648-2;Sanitas;No;N/A;Compra;Factura;0-00000033677;;SI;;SI (ING);;SI;SI;;;No;N/A;No;N/A;N/A;N/A;N/A;N/A;N/A;NI;NI;NI;NI;NI;NI;NI
LIME - Microbiología;Propipeteador;306057000;BIO-12127;N/A;Carolina Rosero/Enith Knuth;Microbiología 1 ;Brand;Accu-jet pro;11D06140;;BIO;N/A;N/A;;N/A;;N/A;N/A;N/A;N/A;N/A;N/A;N/A;N/A;;N/A;N/A;N/A;N/A;N/A;N/A;N/A;;No;N/A;No;N/A;N/A;N/A;N/A;N/A;N/A;N/A;N/A;N/A;N/A;N/A;N/A;N/A
LIME - Microbiología;Timer;TempCed;BIO-12128;14 - 053;Carolina Rosero;Microbiología 1 ;N/I;TR118;121ACC;;BIO;N/A;Acta No. 03 Abril 10 de 2013;;NI;;NI;NI;NI;No;N/A;Compra;NI;NI;;SI;;SI;;SI;SI;;;No;N/A;No;N/A;Tiempo;99 h: 59 min, 59 s;1 s;NI;NI;N/A;N/A;N/A;N/A;N/A;N/A;N/A
LIME - Microbiología;Micropipeta multicanal;10061703;Pendiente;15 - 166;Carolina Rosero/Enith Knuth;Microbiología 1 ;BIOHIT;PROLINE  ;10061703;;BIO;Clase I;ACTA No. 09 Septiembre 17 de 2014    ;;NI;;NI;NI;NI;No;N/A;Compra;NI;NI;;SI;;;;;;;;No;N/A;No;N/A;Volumen ;50 - 300 uL;5 uL;NI;NI;N/A;N/A;N/A;N/A;N/A;N/A;N/A
LIME - Microbiología;Nevera;137708;Pendiente;13 - 315;Carolina Rosero  ;Microbiología 1 ;Haceb;N417L;N/I;;IND;N/A;N/A;;11/8/2010;;NI;890.934.939-8;Almacén Navarro Ospina S.A.;No;N/A;Compra;Factura;51018;;SI;;SI;;SI;;;;No;N/A;No;N/A;Temperatura;NI;NI;2°C - 8°C;NI;NI;NI;NI;NI;NI;NI;NI
LIME - Microbiología;Incubadora;90408;BIO-12211;18 - 013;Carolina Rosero  ;Microbiología 1 ;Fisher Scientific;525D;810N0176;;BIO;N/A;Antes de 2009;;1998;;NI;NI;NI;No;N/A;NI;NI;NI;;SI;;SI (ING);;SI;SI;;;No;N/A;No;N/A;Temperatura;"25°C - 50 °C
(Según manual 30 - 75 °C y 86 - 167 °F)";5 °C (Según manual 0,5°C);37°C;NI;NI;NI;NI;NI;NI;NI;NI
LIME - Microbiología;Termohigrómetro;INF002RM DAR DE BAJA;BIO-12216;N/A;Carolina Rosero;N/A;Taylor;N/I;N/I;;BIO;N/A;N/A;;N/A;;N/A;N/A;N/A;N/A;N/A;N/A;N/A;N/A;;N/A;N/A;N/A;N/A;N/A;N/A;N/A;;No;N/A;No;N/A;°C;N/A;N/A;T 18°C-25°C /TS 50°C;N/A;N/A;N/A;N/A;N/A;N/A;N/A;N/A
LIME - Microbiología;Termómetro;INF003CI DAR DE BAJA;BIO-12218;N/A;Carolina Rosero;N/A;Sanofi Pasteur;N/I;907;;BIO;N/A;N/A;;N/A;;N/A;N/A;N/A;N/A;N/A;N/A;N/A;N/A;;N/A;N/A;N/A;N/A;N/A;N/A;N/A;;No;N/A;No;N/A;°C;N/A;N/A;T -8 °C;N/A;N/A;N/A;N/A;N/A;N/A;N/A;N/A
LIME - Farmacología y Toxicología;Termohigrómetro;THCromLiq / LIMETH3; BIO-12184;13 - 994;Gloria Ramírez;Cromatografía líquida;ALLA FRANCE;N/I;N/I;;BIO;Clase I;ACTA No. 03 Abril 10 de 2013 ;;NI;;NI;NI;NI;No;N/A;NI;NI;NI;;SI;;SI (Ficha técnica);;SI;SI;;;No;N/A;No;N/A;Temperatura / Humedad;"T - 50 a 70 °C
T - 58 a 158° F
H 20 - 98 %RH";"0,1 ° 
1 %RH";NI;NI;N/A;N/A;N/A;N/A;N/A;N/A;N/A
LIME - Farmacología y Toxicología;Termohigrómetro;THCromGas / LIMETH4; BIO-12188;13 - 994;Gloria Ramírez;Cromatografía gaseosa;Alla France;N/I;N/I;;BIO;Clase I;ACTA No. 03 Abril 10 de 2013 ;;NI;;NI;NI;NI;No;N/A;NI;NI;NI;;SI;;SI (Ficha técnica);;SI;SI;;;No;N/A;No;N/A;Temperatura / Humedad;"T - 50 a 70 °C
T - 58 a 158° F
H 20 - 98 %RH";"0,1 ° 
1 %RH";NI;NI;N/A;N/A;N/A;N/A;N/A;N/A;N/A
LIME - Farmacología y Toxicología;Termohigrómetro;LIME TH1-LabA;Pendiente;13 - 994;Gloria Ramírez;Área de procesamiento - Toxicología;Halthen;TTH-002;9102;;BIO;Clase I;ACTA No. 03 Abril 10 de 2013 ;;NI;;NI;NI;NI;No;N/A;NI;NI;NI;;SI;;SI (Brochure y guía de manejo);;SI;SI;;;No;N/A;No;N/A;Temperatura / Humedad;"Temp interior: 0 a 50 °C (32 a 122 °F).
Temp exterior: -50 a70°C (-58a 158 °F).
Humedad relativa: 15 a 95 % HR";"Temperatura: 0,1 °C (0,1°F)
Humedad: 1 %HR";NI;NI;N/A;N/A;N/A;N/A;N/A;N/A;N/A
LIME - Farmacología y Toxicología;Timer;Timer1;BIO-12566;14 - 053;Estefania Vasco;Área de procesamiento;N/I;N/I;N/I;;BIO;N/A;ACTA No. 03 Abril 10 de 2013 ;;NI;;NI;NI;NI;No;N/A;NI;NI;NI;;SI;;;;;SI;;;No;N/A;No;N/A;Tiempo;99 h: 59 min, 59 s;1s;NI;NI;N/A;N/A;N/A;N/A;N/A;N/A;N/A
LIME - Farmacología y Toxicología;Timer;Timer2;BIO-12567;14 - 053;Estefania Vasco;Área de procesamiento;N/I;N/I;N/I;;BIO;N/A;ACTA No. 03 Abril 10 de 2013 ;;NI;;NI;NI;NI;No;N/A;NI;NI;NI;;SI;;;;;SI;;;No;N/A;No;N/A;Tiempo;99 h: 59 min, 59 s;1s;NI;NI;N/A;N/A;N/A;N/A;N/A;N/A;N/A
LIME - Farmacología y Toxicología;Agitador Vórtex;156138;BIO-12148;15 - 651;Estefania Vasco;Área de procesamiento;Boeco;V-1 Plus;010203-1407-2034;;BIO;N/A;ACTA No. 03 Abril 10 de 2013 ;;8/7/2015;;NI;811.026.956-0;MR Y CIA S.A.S;No;N/A;Compra;Factura;14239;;SI;;SI;;SI;SI;;;No;N/A;No;N/A;N/A;750 - 3000 rpm;Perilla sin escala;N/A;NI;NI;NI;NI;NI;NI;NI;NI
LIME - Farmacología y Toxicología;Agitador Vórtex;33411;N/A;N/A;N/A;N/A;Schott;SG23;864528;;BIO;N/A;N/A;;N/A;;N/A;N/A;N/A;N/A;N/A;N/A;N/A;N/A;;N/A;N/A;N/A;N/A;N/A;N/A;N/A;;No;N/A;No;N/A;rpm;Perilla sin divisiones;N/A;2800 rpm;N/A;NI;NI;NI;NI;NI;NI;NI
LIME - Farmacología y Toxicología;Congelador;TP-068;Pendiente;15 - 583;N/A;Cuarto frío  ;Tecnifrio;CTP D-3;980408;;IND;N/A;N/A;;14/4/1998;;NI;901.094.506-6;Tecnifrio;No;14/4/1999;Compra;Carta de garantía;NT;;SI;;SI;;;;;;No;N/A;No;N/A;N/A;T -5 - -20 °C;Perilla 0 - 6;N/A;NI;NI;NI;NI;NI;NI;NI;NI
LIME - Farmacología y Toxicología;Espectrofotómetro;92416;BIO-12162;15 - 601;N/A;Área de procesamiento;Spectronic;Genesys 2;3N2A240001;;BIO;N/A;Antes de 2009 - CIRCULAR EXTERNA Nº 1000-0085-18;;1998;;NI;830.034.462-7;Innovatek;No;N/A;Compra;Registro de importación;N/A;;SI;SI;SI;;SI;;;;No;N/A;No;N/A;Longitud de onda;200 - 1100 nm;1 nm;NI;NI;NI;NI;NI;NI;NI;NI;NI
LIME - Farmacología y Toxicología;Lámpara UV;UVGL-25;BIO-12163;NI;Estefania Vasco;Área de procesamiento;UVP INC;UVGL-254/366NM;N/I;;BIO;N/A;Antes de 2009 - CIRCULAR EXTERNA Nº 1000-0085-18;;Antes de 1996;;NI;NI;NI;No;N/A;NI;NI;NI;;SI;;SI;;SI;;;;No;N/A;No;N/A;N/A;N/A;N/A;N/A;N/A;NI;NI;NI;NI;NI;NI;NI
LIME - Farmacología y Toxicología;Micropipeta;143399;BIO-12166;15 - 166;N/A;Área de procesamiento;Human;Humapette;04J68211;;BIO;Clase I;ACTA No. 09 Septiembre 17 de 2014;;25/4/2012;;NI;860.350.711-1;Comprolab S.A.S;No;N/A;Compra;Factura;132731;;SI;;SI;;SI;SI;;;No;N/A;No;N/A;Volumen;100 - 1000 ul;5 ul;100-1000 µl;NI;N/A;N/A;N/A;N/A;N/A;N/A;N/A
LIME - Farmacología y Toxicología;Micropipeta;JL537147;BIO-12172;15 - 166;N/A;Área de procesamiento;Boeco;UV 100uL;JL537147;;BIO;Clase I;ACTA No. 09 Septiembre 17 de 2014;;3/11/2016;;NI;811.026.956-0;MR Y Cia S.A.S;No;N/A;Compra;Factura;MRC2468;;SI;;;;SI;SI;;;No;N/A;No;N/A;Volumen;100 ul;fija;100 µl;NI;N/A;N/A;N/A;N/A;N/A;N/A;N/A
LIME - Farmacología y Toxicología;Micropipeta;156132;BIO-12173;15 - 166;N/A;Área de procesamiento;CAPP;Autoclavable;HF10888;;BIO;Clase I;ACTA No. 09 Septiembre 17 de 2014;;02/072015;;NI;811.026.956-0;MR Y Cia S.A.S;No;N/A;Compra;Factura;MR-14177;;SI;;SI;;SI;SI;;;No;N/A;No;N/A;Volumen;100 - 1000 µl;10 ul;100-1000 µl;NI;N/A;N/A;N/A;N/A;N/A;N/A;N/A
LIME - Farmacología y Toxicología;Micropipeta;558261382;BIO-12178;15 - 166;N/A;Área de procesamiento (al lado del BS120);Corning;Lambda Plus;558261382;;BIO;Clase I;ACTA No. 09 Septiembre 17 de 2014;;12/10/2016;;NI;811.026.956-0;MR Y Cia S.A.S;No;N/A;Compra;Factura;MRC2303;;SI;;SI;;SI;SI;;;No;N/A;No;N/A;Volumen;100 - 1000 ul;2 ul;100-1000 µl;NI;N/A;N/A;N/A;N/A;N/A;N/A;N/A
LIME - Farmacología y Toxicología;Micropipeta;156133;BIO-12174;15 - 166;N/A;Área de procesamiento;CAPP;Autoclavable;HF10690;;BIO;Clase I;ACTA No. 09 Septiembre 17 de 2014;;8/5/2015;;NI;811.026.956-0;MR Y Cia S.A.S;No;N/A;Compra;Factura;MR-13820;;SI;;SI;;SI;SI;;;No;N/A;No;N/A;Volumen;100 - 1000 ul;10 ul;100-1000 µl;NI;N/A;N/A;N/A;N/A;N/A;N/A;N/A
LIME - Farmacología y Toxicología;Termohigrómetro;TH-1060 / LIMTH2;BIO-12189;NI;Gloria Ramírez;Absorción atómica;Alla France;N/I;N/I;;BIO;Clase I;ACTA No. 03 Abril 10 de 2013 ;;NI;;NI;NI;NI;No;N/A;NI;NI;NI;;SI;;SI (Ficha tecnica);;SI;SI;;;No;N/A;No;N/A;Temperatura / Humedad relativa;"T -50 a 70 °C 
-58 a 158 °F
20 a 98%HR";"0.1 °C/°F
1% HR";NI;NI;N/A;N/A;N/A;N/A;N/A;N/A;N/A
LIME - Farmacología y toxicología;Micropipeta multicanal;HE10362;Pendiente;15 - 166;Estefania Vasco;Área de procesamiento;CAPP;N/I;HE10362;;BIO;Clase I;ACTA No. 09 Septiembre 17 de 2014;;NI;;NI;NI;NI;No;N/A;NI;NI;NI;;SI;;;;;;;;No;N/A;No;N/A;Volúmen;30-300uL;2 uL;NI;NI;N/A;N/A;N/A;N/A;N/A;N/A;N/A
LIME - Farmacología y Toxicología;Espectrofotómetro;183435;Pendiente;15 - 601;Estefania Vasco;Área de procesamiento;vwr;v-1200;VEC 1810014;;BIO;N/A;N/A;;NI;;NI;NI;NI;NI;NI;NI;NI;NI;;SI ;;SI (ING);;;;;;No;N/A;No;N/A;N/A;N/A;N/A;N/A;N/A;NI;NI;NI;NI;NI;NI;NI
LIME - Biología molecular;Micropipeta;305266100;BIO-12265;15 - 166;N/A;Biología molecular;Gilson;Pipetman P10;R53970M;;BIO;Clase I;ACTA No. 09 Septiembre 17 de 2014;;NI;;NI;71.739.665-9;Gentech;No;N/A;NI;NI;NI;;SI;;SI;;SI;SI;;;No;N/A;No;N/A;Volúmen;1 - 10 uL;0,02 uL;0,2-2;NI;N/A;N/A;N/A;N/A;N/A;N/A;N/A
LIME - Biología molecular;Micropipeta;306048600;BIO-12276;15 - 166;N/A;Biología molecular;Nichiryo;Nichipet Ex Plus;H69011872;;BIO;Clase I;ACTA No. 09 Septiembre 17 de 2014;;27/3/2007;;NI;71.739.665-9;Gentech;No;N/A;Compra;Factura;3071;;SI;;SI;;SI;SI;;;No;N/A;No;N/A;Volúmen;100 - 1000 uL;1 uL;20-200;NI;N/A;N/A;N/A;N/A;N/A;N/A;N/A
LIME - Biología molecular;Minicentrifuga;142044;BIO-12290;N/A;N/A;N/A;Labnet;C1201;10120595;;BIO;N/A;N/A;;N/A;;N/A;N/A;N/A;N/A;N/A;N/A;N/A;N/A;;N/A;N/A;N/A;N/A;N/A;N/A;N/A;;No;N/A;No;N/A;N/A;6000 rpm;NI;N/A;NI;NI;NI;NI;NI;NI;NI;NI
LIME - Biología Molecular;Micropipeta;36107100;BIO-12260;15 - 166;Gloria Ramírez / Gonzalo Vasquez;Biología molecular;Nichiryo;Nichipet Ex Plus;H64041012;;BIO;Clase I;ACTA No. 09 Septiembre 17 de 2014;;1/12/2008;;NI;71.739.665-9;Gentech;No;N/A;Compra;Factura;5257;;SI;;SI;;SI;SI;;;No;N/A;No;N/A;Volúmen;0,1 - 2 uL;NI;NI;NI;N/A;N/A;N/A;N/A;N/A;N/A;N/A
LIME - Biología Molecular;Minicentrifuga;153678;BIO-12293;NI;Gloria Ramírez;Biología Molecular;Labnet;C1301;14050038;;BIO;N/A;N/A;;8/10/2014;;NI;900.754.314 -8;Gentech;No;N/A;Compra;Factura;16861;;SI;SI;SI;;SI;SI;;;No;N/A;No;N/A;Velocidad;6000 rpm;Swiche encendido apagado;N/A;NI;NI;NI;NI;NI;NI;NI;NI
LIME - Biología Molecular;Termómetro;UG-TD 2 / LIMET13;BIO-12303;14 - 028;Gloria Ramírez;Cuarto frio (congelador);Halthen;SH144;N/I;;BIO;Clase I;ACTA No. 07 Junio 10 de 2009;;2016;;NI;NI;NI;No;N/A;NI;NI;NI;;SI;;;;SI;SI;;;No;N/A;No;N/A;Temperatura;"Temp interior: -10 ° C a 50 ° C/ 14°F a 122°F
Temp exterior: -50 ° C a 70 ° C/-58°F a 158°F";0,1°C/°F;NI;NI;N/A;N/A;N/A;N/A;N/A;N/A;N/A
LIME - Biología Molecular;UPS;143034;Pendiente;NT;Gloria Ramírez;Biología Molecular;NICOMAR;Micronet 2000;EL8114900125;;IND;N/A;N/A;;5/3/2015;;NI;15241257-4;Jairo Florez C;No;N/A;Compra;Factura;JFC6334;;SI;;SI (Ficha técnica);;;;;;No;N/A;No;N/A;N/A;N/A;N/A;N/A;N/A;NI;NI;NI;NI;NI;NI;NI
LIME;Bascula;101222;BIO-12224;18 - 457;N/A;Consultorio 1;Health o meter;402 KLS;12872;;BIO;Clase I;ACTA No. 09 Octubre 14 de 2015;;NI;;NI;NI;NI;No;N/A;NI;NI;NI;;SI;;;;SI;SI;;;No;N/A;No;N/A;Peso;0-160 kg;0,1 kg;NI;NI;N/A;N/A;N/A;N/A;N/A;N/A;N/A
LIME;Microscopio;116993;BIO-12251;18 - 283;N/A;Área de entrenamiento;Carl Zeiss;Axiostar Plus;3108013508;;BIO;Clase I;Antes de 2009 - CIRCULAR EXTERNA Nº 1000-0085-18;;2008;;NI;860.001.911-1;Kaika S.A.S;No;N/A;Compra;NI;NI;;SI;;SI;;;SI;;;No;N/A;No;N/A;N/A;N/A;N/A;N/A;N/A;NI;NI;NI;NI;NI;NI;NI
LIME;Oxigrafo;182306;BIO-12155;N/A;N/A;Biología molecular;Hansatech;Oxigraph plus;18012;;BIO;N/A;N/A;;N/A;;N/A;N/A;N/A;N/A;N/A;N/A;N/A;N/A;;N/A;N/A;N/A;N/A;N/A;N/A;N/A;;No;N/A;No;N/A;N/A;N/A;N/A;N/A;N/A;N/A;N/A;N/A;N/A;N/A;N/A;N/A
LIME;Termohigrómetro;TH1-LabA;Pendiente el código BIO-12185 asignado, pertenece a otro equipo;13 - 994;Martha Ibeth;Área de procesamiento;ALLA FRANCE;N/I;N/I;;BIO;Clase I;ACTA No. 03 Abril 10 de 2013 ;;NI;;NI;NI;NI;No;N/A;NI;NI;NI;;SI;;SI (Ficha técnica);;SI;SI;;;No;N/A;No;N/A;Temperatura / Humedad;"T - 50 a 70 °C
T - 58 a 158° F
H 20 - 98 %RH";"0,1 ° 
1 %RH";NI;NI;N/A;N/A;N/A;N/A;N/A;N/A;N/A
LIME;Termohigrómetro;THCFrio / LIMETH15;BIO-12192;13 - 994;Duvan Gallego y Gloria Ramírez;Cuarto frío;Halthen;TTH-002;12514;;BIO;Clase I;ACTA No. 03 Abril 10 de 2013 ;;NI;;NI;NI;NI;No;N/A;NI;NI;NI;;SI;;SI (Brochure y guía de manejo);;SI;SI;;;No;N/A;No;N/A;Temperatura / Humedad;"Temp interior: 0 a 50 °C (32 a 122 °F).
Temp exterior: -50 a70°C (-58a 158 °F).
Humedad relativa: 15 a 95 % HR";"Temperatura: 0,1 °C (0,1°F)
Humedad: 1 %HR";NI;NI;N/A;N/A;N/A;N/A;N/A;N/A;N/A
LIME;Termómetro;T7743 / LIMET11; BIO-12203 (Pendiente sticker);NI;N/A;Contingencia;Halthen;SH144;7743;;BIO;Clase I;ACTA No. 07 Junio 10 de 2009;;NI;;NI;NI;NI;No;N/A;NI;NI;NI;;SI;;;;SI;SI;;;No;N/A;No;N/A;Temperatura;"Temp interior: -10 ° C a 50 ° C/ 14°F a 122°F
Temp exterior: -50 ° C a 70 ° C/-58°F a 158°F";0,1°C/°F;NI;NI;N/A;N/A;N/A;N/A;N/A;N/A;N/A
LIME;Termómetro;TC1 / LIMET4;BIO-12243;NI;N/A;Área de procesamiento (nevera hematología);Halthen;SH144;11852;;BIO;Clase I;ACTA No. 07 Junio 10 de 2009;;NI;;NI;NI;NI;No;N/A;NI;NI;NI;;SI;;;;SI;SI;;;No;N/A;No;N/A;Temperatura;"Temp interior: -10 ° C a 50 ° C/ 14°F a 122°F
Temp exterior: -50 ° C a 70 ° C/-58°F a 158°F";0,1°C/°F;NI;NI;N/A;N/A;N/A;N/A;N/A;N/A;N/A
LIME;Termómetro;3217M004 / TC4 / LIMET2; BIO-12564;NI;N/A;Contingencia - Cuarto de insumos;N/I;N/I;N/I;;BIO;Clase I;ACTA No. 07 Junio 10 de 2009;;NI;;NI;NI;NI;No;N/A;NI;NI;NI;;SI;;SI;;SI;SI;;;No;N/A;No;N/A;Temperatura;Temp interior: 0 a 50 °C (32 - 122 °F) Temp exterior: -50 a 70 °C (-58 - 158 °F);1°C (2°F);NI;NI;N/A;N/A;N/A;N/A;N/A;N/A;N/A
LIME;Termómetro;LIMET1; BIO-12565;NI;N/A;Contingencia - Cuarto de insumos;N/I;N/I;08A04;;BIO;Clase I;ACTA No. 07 Junio 10 de 2009;;NI;;NI;NI;NI;No;N/A;NI;NI;NI;;SI;;SI;;SI;SI;;;No;N/A;No;N/A;Temperatura;Temp interior: 0 a 50 °C (32 - 122 °F) Temp exterior: -50 a 70 °C (-58 - 158 °F);1°C (2°F);NI;NI;N/A;N/A;N/A;N/A;N/A;N/A;N/A
LIME;Termómetro;11844 / LIMET7;Pendiente;NI;N/A;Microbiologia (nevera reactivos);Halthen;SH144;11844;;BIO;Clase I;ACTA No. 07 Junio 10 de 2009;;NI;;NI;NI;NI;No;N/A;NI;NI;NI;;SI;;;;SI;SI;;;No;N/A;No;N/A;Temperatura;Externa - 50 a 70 °C                                            Interna -10 a 50 °C;0,1 °C;NI;NI;N/A;N/A;N/A;N/A;N/A;N/A;N/A
LIME;Lavaojos;NT;N/A;NT;N/A;Área de procesamiento;NI;NI;NI;;IND;N/A;N/A;;2019;;NI;NI;NI;No;N/A;Reinstalación;NI;NI;;SI;;;;;;;;No;N/A;No;N/A;N/A;N/A;N/A;N/A;N/A;N/A;N/A;N/A;N/A;N/A;N/A;N/A
LIME;Termómetro;INF010 / LIMET6; BIO-12222;13-994;Gloria Ramírez;Cuarto de lavado y desinfección (INCUBADORA);Sanofi Pasteur;N/I;N/I;;BIO;Clase I;ACTA No. 07 Junio 10 de 2009;;NI;;NI;NI;NI;No;N/A;NI;NI;NI;;SI;;;;SI;SI;;;No;N/A;No;N/A;Temperatura;NI;NI;T -8°C;NI;N/A;N/A;N/A;N/A;N/A;N/A;N/A
